cluster,observer_path,observer_label_values,observer_type,observer_value_class,observer_sample,observer_n_files,viewpoint_path,viewpoint_short_label,viewpoint_long_label,viewpoint_type,viewpoint_value_class,viewpoint_sample,viewpoint_n_files,notes
biometry,fetuses[].efws,,null,empty,,1/5,,,,,,,,
biometry,fetuses[].efws[].calculated_percentile,"EFW (AC, BPD)",float|int,decimal|integer,51.2|52|81.1|71.2,4/5,,,,,,,,
biometry,fetuses[].efws[].calculated_percentile,"EFW (AC, FL)",float,decimal,63.7|55.6|61.8|74.9,4/5,,,,,,,,
biometry,fetuses[].efws[].calculated_percentile,"EFW (AC, FL, HC)",float,decimal,55.6|36.3|53.2|65.2,4/5,,,,,,,,
biometry,fetuses[].efws[].decimal_paces,"EFW (AC, BPD)",int,integer,0,4/5,,,,,,,,
biometry,fetuses[].efws[].decimal_paces,"EFW (AC, FL)",int,integer,0,4/5,,,,,,,,
biometry,fetuses[].efws[].decimal_paces,"EFW (AC, FL, HC)",int,integer,0,4/5,,,,,,,,
biometry,fetuses[].efws[].fetus_number,"EFW (AC, BPD)",int,integer,1,4/5,,,,,,,,
biometry,fetuses[].efws[].fetus_number,"EFW (AC, FL)",int,integer,1,4/5,,,,,,,,
biometry,fetuses[].efws[].fetus_number,"EFW (AC, FL, HC)",int,integer,1,4/5,,,,,,,,
biometry,fetuses[].efws[].label,"EFW (AC, BPD)",str,coded_text,"EFW (AC, BPD)",4/5,,,,,,,,
biometry,fetuses[].efws[].label,"EFW (AC, FL)",str,coded_text,"EFW (AC, FL)",4/5,,,,,,,,
biometry,fetuses[].efws[].label,"EFW (AC, FL, HC)",str,coded_text,"EFW (AC, FL, HC)",4/5,,,,,,,,
biometry,fetuses[].efws[].percentile_for_display,"EFW (AC, BPD)",str,percentile,51%|52%|81%|71%,4/5,,,,,,,,
biometry,fetuses[].efws[].percentile_for_display,"EFW (AC, FL)",str,percentile,64%|56%|62%|75%,4/5,,,,,,,,
biometry,fetuses[].efws[].percentile_for_display,"EFW (AC, FL, HC)",str,percentile,56%|36%|53%|65%,4/5,,,,,,,,
biometry,fetuses[].efws[].print_in_report,"EFW (AC, BPD)",int,integer,0,4/5,,,,,,,,
biometry,fetuses[].efws[].print_in_report,"EFW (AC, FL)",int,integer,0,4/5,,,,,,,,
biometry,fetuses[].efws[].print_in_report,"EFW (AC, FL, HC)",int,integer,1,4/5,,,,,,,,
biometry,fetuses[].efws[].range,"EFW (AC, BPD)",str,empty,,4/5,,,,,,,,
biometry,fetuses[].efws[].range,"EFW (AC, FL)",str,empty,,4/5,,,,,,,,
biometry,fetuses[].efws[].range,"EFW (AC, FL, HC)",str,empty,,4/5,,,,,,,,
biometry,fetuses[].efws[].value,"EFW (AC, BPD)",float,decimal,1000.887|632.184|3064.597|1298.641,4/5,,,,,,,,
biometry,fetuses[].efws[].value,"EFW (AC, FL)",float,decimal,1042.214|638.934|2858.504|1316.907,4/5,,,,,,,,
biometry,fetuses[].efws[].value,"EFW (AC, FL, HC)",float,decimal,1014.828|598.194|2778.253|1273.729,4/5,,,,,,,,
biometry,fetuses[].firsttrimester.done,,int,integer,0,5/5,,,,,,,,
biometry,fetuses[].firsttrimester.fet_pole_anom_txt,,str,empty,,5/5,,,,,,,,
biometry,fetuses[].firsttrimester.fetal_pole,,str,coded_text,Unspecified|Abnormal,5/5,,,,,,,,
biometry,fetuses[].firsttrimester.fetal_pole_anomalies,,null,empty,,5/5,,,,,,,,
biometry,fetuses[].firsttrimester.fetal_pole_size,,int,integer,0,5/5,,,,,,,,
biometry,fetuses[].firsttrimester.gest_sac_shape,,str,coded_text,Unspecified|Normal,5/5,,,,,,,,
biometry,fetuses[].firsttrimester.yolk_sac_pres,,str,coded_text,Unspecified|Seen,5/5,,,,,,,,
biometry,fetuses[].firsttrimester.yolk_sac_size_a,,int,integer,0,5/5,,,,,,,,
biometry,fetuses[].firsttrimester.yolk_sac_size_b,,int,integer,0,5/5,,,,,,,,
biometry,fetuses[].firsttrimester.yolk_sac_size_c,,int,integer,0,5/5,,,,,,,,
biometry,fetuses[].firsttrimester.yolk_sac_vol,,int,integer,0,5/5,,,,,,,,
biometry,fetuses[].measurements[].calculated_ega,AC,float,decimal,26.9|23.7|36.4|29.7,4/5,OBX AbdomenFetus.AbdominalCircumference,AC,Abdominal circumference,float|int (NM),decimal,193.7|145.5|189.8|281.3|218.1|179 (179.0),6/7,
biometry,fetuses[].measurements[].calculated_ega,BPD,float,decimal,26.9|23.8|37.9|28.1,4/5,OBX SkullFetus.BiparietalDiameter,BPD,Biparietal diameter,float (NM),decimal,68.8|39.4|63.3|78.5|67.4|53.4,6/7,
biometry,fetuses[].measurements[].calculated_ega,CRL,float,decimal,11.3,1/5,OBX EmbryonicStructuresFetus.CrownRumpLength,CRL,Crown rump length,float (NM),decimal,70.7,1/7,
biometry,fetuses[].measurements[].calculated_ega,Cerebellum,float,decimal,27.4,1/5,,,,,,,,
biometry,fetuses[].measurements[].calculated_ega,Femur,float,decimal,27.1|23.6|35.1|27.4,4/5,OBX ExtremitiesFetus.FemurUndefinedLength,Femur,Femur length,float|int (NM),decimal,41.1|25.4|44.1|63.2|48.4|39 (39.0),6/7,
biometry,fetuses[].measurements[].calculated_ega,HC,float|int,decimal|integer,26.9|22.3|35|28.2,4/5,OBX SkullFetus.HeadCircumference,HC,Head circumference,float (NM),decimal,225.2|164.5|234.7|293.6|240.9|224.1,6/7,
biometry,fetuses[].measurements[].calculated_ega,Humerus,float,decimal,23.8|35.9,2/5,OBX ExtremitiesFetus.HumerusUndefinedLength,Humerus,Humerus length,float (NM),decimal,22.5|44.7,2/7,
biometry,fetuses[].measurements[].calculated_ega,Nuchal Fold,int,integer,0,1/5,OBX NeckSkinFetus.NuchalFoldThickness,Nuchal fold,Nuchal Fold Thickness,float (NM),decimal,6.69 (6.7),1/7,
biometry,fetuses[].measurements[].calculated_percentile,AC,float,decimal,55.6|50.4|73.2|87.5,4/5,,,,,,,,
biometry,fetuses[].measurements[].calculated_percentile,BPD,float|int,decimal|integer,51.2|53.2|96|42.1,4/5,,,,,,,,
biometry,fetuses[].measurements[].calculated_percentile,CRL,int,integer,0,1/5,,,,,,,,
biometry,fetuses[].measurements[].calculated_percentile,Cerebellum,int,integer,0,1/5,,,,,,,,
biometry,fetuses[].measurements[].calculated_percentile,Femur,float,decimal,46.8|33.7|39.4|17.6,4/5,,,,,,,,
biometry,fetuses[].measurements[].calculated_percentile,HC,float,decimal,42.5|5.1|15.9|34.5,4/5,,,,,,,,
biometry,fetuses[].measurements[].calculated_percentile,Humerus,float,decimal,49.2|64.1,2/5,,,,,,,,
biometry,fetuses[].measurements[].calculated_percentile,Nuchal Fold,int,integer,0,1/5,,,,,,,,
biometry,fetuses[].measurements[].calculated_z_score,AC,int,integer,0,4/5,,,,,,,,
biometry,fetuses[].measurements[].calculated_z_score,BPD,int,integer,0,4/5,,,,,,,,
biometry,fetuses[].measurements[].calculated_z_score,CRL,int,integer,0,1/5,,,,,,,,
biometry,fetuses[].measurements[].calculated_z_score,Cerebellum,int,integer,0,1/5,,,,,,,,
biometry,fetuses[].measurements[].calculated_z_score,Femur,int,integer,0,4/5,,,,,,,,
biometry,fetuses[].measurements[].calculated_z_score,HC,int,integer,0,4/5,,,,,,,,
biometry,fetuses[].measurements[].calculated_z_score,Humerus,int,integer,0,2/5,,,,,,,,
biometry,fetuses[].measurements[].calculated_z_score,Nuchal Fold,int,integer,0,1/5,,,,,,,,
biometry,fetuses[].measurements[].decimal_places,AC,int,integer,2,4/5,,,,,,,,
biometry,fetuses[].measurements[].decimal_places,BPD,int,integer,2,4/5,,,,,,,,
biometry,fetuses[].measurements[].decimal_places,CRL,int,integer,1,1/5,,,,,,,,
biometry,fetuses[].measurements[].decimal_places,Cerebellum,int,integer,1,1/5,,,,,,,,
biometry,fetuses[].measurements[].decimal_places,Femur,int,integer,2,4/5,,,,,,,,
biometry,fetuses[].measurements[].decimal_places,HC,int,integer,2,4/5,,,,,,,,
biometry,fetuses[].measurements[].decimal_places,Humerus,int,integer,1,2/5,,,,,,,,
biometry,fetuses[].measurements[].decimal_places,Nuchal Fold,int,integer,1,1/5,,,,,,,,
biometry,fetuses[].measurements[].fetus_number,AC,int,integer,1,4/5,,,,,,,,
biometry,fetuses[].measurements[].fetus_number,BPD,int,integer,1,4/5,,,,,,,,
biometry,fetuses[].measurements[].fetus_number,CRL,int,integer,1,1/5,,,,,,,,
biometry,fetuses[].measurements[].fetus_number,Cerebellum,int,integer,1,1/5,,,,,,,,
biometry,fetuses[].measurements[].fetus_number,Femur,int,integer,1,4/5,,,,,,,,
biometry,fetuses[].measurements[].fetus_number,HC,int,integer,1,4/5,,,,,,,,
biometry,fetuses[].measurements[].fetus_number,Humerus,int,integer,1,2/5,,,,,,,,
biometry,fetuses[].measurements[].fetus_number,Nuchal Fold,int,integer,1,1/5,,,,,,,,
biometry,fetuses[].measurements[].include_in_avg_ga_calc,AC,int,integer,1,4/5,,,,,,,,
biometry,fetuses[].measurements[].include_in_avg_ga_calc,BPD,int,integer,1,4/5,,,,,,,,
biometry,fetuses[].measurements[].include_in_avg_ga_calc,CRL,int,integer,1,1/5,,,,,,,,
biometry,fetuses[].measurements[].include_in_avg_ga_calc,Cerebellum,int,integer,0,1/5,,,,,,,,
biometry,fetuses[].measurements[].include_in_avg_ga_calc,Femur,int,integer,1,4/5,,,,,,,,
biometry,fetuses[].measurements[].include_in_avg_ga_calc,HC,int,integer,1,4/5,,,,,,,,
biometry,fetuses[].measurements[].include_in_avg_ga_calc,Humerus,int,integer,0,2/5,,,,,,,,
biometry,fetuses[].measurements[].include_in_avg_ga_calc,Nuchal Fold,int,integer,0,1/5,,,,,,,,
biometry,fetuses[].measurements[].label,AC,str,coded_text,AC,4/5,OBX U_FGRData_F_6v65c63705.AbdominalCircumference,AC,AC,str (ST),coded_text,"193.7 mm |145.5 mm , 145.5 mm , 145.5 mm , 145.5 mm |189.8 mm , 189.8 mm , 189.8 mm |281.3 mm , 281.3 mm , 281.3 mm |218.1 mm , 218.1 mm , 218.1 mm |179 mm , 179 mm , 179 mm , 179 mm ",6/7,
biometry,fetuses[].measurements[].label,BPD,str,coded_text,BPD,4/5,,,,,,,,
biometry,fetuses[].measurements[].label,CRL,str,coded_text,CRL,1/5,,,,,,,,
biometry,fetuses[].measurements[].label,Cerebellum,str,coded_text,Cerebellum,1/5,,,,,,,,
biometry,fetuses[].measurements[].label,Femur,str,coded_text,Femur,4/5,,,,,,,,
biometry,fetuses[].measurements[].label,HC,str,coded_text,HC,4/5,,,,,,,,
biometry,fetuses[].measurements[].label,Humerus,str,coded_text,Humerus,2/5,,,,,,,,
biometry,fetuses[].measurements[].label,Nuchal Fold,str,coded_text,Nuchal Fold,1/5,OBX NeckSkinFetus.FetalAnatomyNuchalFoldAppearance,Nuchal fold,Nuchal fold appearance,str (ST),coded_text,abnormal,1/7,
biometry,fetuses[].measurements[].percentile_for_display,AC,str,percentile,56%|50%|73%|88%,4/5,,,,,,,,
biometry,fetuses[].measurements[].percentile_for_display,BPD,str,percentile,51%|53%|>95%|42%,4/5,,,,,,,,
biometry,fetuses[].measurements[].percentile_for_display,CRL,str,empty,,1/5,,,,,,,,
biometry,fetuses[].measurements[].percentile_for_display,Cerebellum,str,empty,,1/5,,,,,,,,
biometry,fetuses[].measurements[].percentile_for_display,Femur,str,percentile,47%|34%|39%|18%,4/5,,,,,,,,
biometry,fetuses[].measurements[].percentile_for_display,HC,str,percentile,43%|5%|16%|35%,4/5,,,,,,,,
biometry,fetuses[].measurements[].percentile_for_display,Humerus,str,percentile,49%|64%,2/5,,,,,,,,
biometry,fetuses[].measurements[].percentile_for_display,Nuchal Fold,str,empty,,1/5,,,,,,,,
biometry,fetuses[].measurements[].print_in_report,AC,int,integer,1,4/5,,,,,,,,
biometry,fetuses[].measurements[].print_in_report,BPD,int,integer,1,4/5,,,,,,,,
biometry,fetuses[].measurements[].print_in_report,CRL,int,integer,1,1/5,,,,,,,,
biometry,fetuses[].measurements[].print_in_report,Cerebellum,int,integer,1,1/5,,,,,,,,
biometry,fetuses[].measurements[].print_in_report,Femur,int,integer,1,4/5,,,,,,,,
biometry,fetuses[].measurements[].print_in_report,HC,int,integer,1,4/5,,,,,,,,
biometry,fetuses[].measurements[].print_in_report,Humerus,int,integer,1,2/5,,,,,,,,
biometry,fetuses[].measurements[].print_in_report,Nuchal Fold,int,integer,1,1/5,,,,,,,,
biometry,fetuses[].measurements[].unit_of_measure,AC,str,coded_text,cm,4/5,,,,,,,,
biometry,fetuses[].measurements[].unit_of_measure,BPD,str,coded_text,cm,4/5,,,,,,,,
biometry,fetuses[].measurements[].unit_of_measure,CRL,str,coded_text,mm,1/5,,,,,,,,
biometry,fetuses[].measurements[].unit_of_measure,Cerebellum,str,coded_text,cm,1/5,,,,,,,,
biometry,fetuses[].measurements[].unit_of_measure,Femur,str,coded_text,cm,4/5,,,,,,,,
biometry,fetuses[].measurements[].unit_of_measure,HC,str,coded_text,cm,4/5,,,,,,,,
biometry,fetuses[].measurements[].unit_of_measure,Humerus,str,coded_text,cm,2/5,,,,,,,,
biometry,fetuses[].measurements[].unit_of_measure,Nuchal Fold,str,coded_text,cm,1/5,,,,,,,,
biometry,fetuses[].measurements[].value,AC,float,decimal,22.62|19.12|32.3|25.5,4/5,,,,,,,,
biometry,fetuses[].measurements[].value,BPD,float|int,decimal|integer,6.68|5.81|9.31|7,4/5,,,,,,,,
biometry,fetuses[].measurements[].value,CRL,float,decimal,4.48,1/5,,,,,,,,
biometry,fetuses[].measurements[].value,Cerebellum,int,integer,3,1/5,,,,,,,,
biometry,fetuses[].measurements[].value,Femur,float,decimal,5.01|4.14|6.92|5.1,4/5,,,,,,,,
biometry,fetuses[].measurements[].value,HC,float|int,decimal|integer,25|20.31|31.62|26.2,4/5,,,,,,,,
biometry,fetuses[].measurements[].value,Humerus,float,decimal,3.9|6.2,2/5,,,,,,,,
biometry,fetuses[].measurements[].value,Nuchal Fold,int,integer,1,1/5,,,,,,,,
biometry,fetuses[].ratios,,null,empty,,1/5,,,,,,,,
biometry,fetuses[].ratios[].calculated_percentile,FL/AC,int,integer,0,4/5,OBX Fetus.FemurUndefinedLengthOverAbdominalCircumference,FL / AC,Ratio femur length / Abdominal circumference,float (NM),decimal,0.2122 (0.21)|0.1746 (0.17)|0.2323 (0.23)|0.2247 (0.22)|0.2219 (0.22)|0.2179 (0.22),6/7,
biometry,fetuses[].ratios[].calculated_percentile,FL/BPD,int,integer,0,4/5,OBX Fetus.FemurUndefinedLengthOverBiparietalDiameter,FL / BPD,Ratio femur length / Biparietal diameter,float (NM),decimal,0.5974 (0.60)|0.6447 (0.64)|0.6967 (0.70)|0.8051 (0.81)|0.7181 (0.72)|0.7303 (0.73),6/7,
biometry,fetuses[].ratios[].calculated_percentile,HC/AC,int,integer,0,4/5,OBX Fetus.HeadCircumferenceOverAbdominalCircumference,HC / AC,Ratio head circumference / Abdominal circumference,float (NM),decimal,1.16|1.13|1.24|1.04|1.1 (1.10)|1.25,6/7,
biometry,fetuses[].ratios[].decimal_paces,FL/AC,int,integer,0,4/5,,,,,,,,
biometry,fetuses[].ratios[].decimal_paces,FL/BPD,int,integer,0,4/5,,,,,,,,
biometry,fetuses[].ratios[].decimal_paces,HC/AC,int,integer,2,4/5,,,,,,,,
biometry,fetuses[].ratios[].fetus_number,FL/AC,int,integer,1,4/5,,,,,,,,
biometry,fetuses[].ratios[].fetus_number,FL/BPD,int,integer,1,4/5,,,,,,,,
biometry,fetuses[].ratios[].fetus_number,HC/AC,int,integer,1,4/5,,,,,,,,
biometry,fetuses[].ratios[].label,FL/AC,str,coded_text,FL/AC,4/5,,,,,,,,
biometry,fetuses[].ratios[].label,FL/BPD,str,coded_text,FL/BPD,4/5,,,,,,,,
biometry,fetuses[].ratios[].label,HC/AC,str,coded_text,HC/AC,4/5,,,,,,,,
biometry,fetuses[].ratios[].percentile_for_display,FL/AC,str,empty,,4/5,,,,,,,,
biometry,fetuses[].ratios[].percentile_for_display,FL/BPD,str,empty,,4/5,,,,,,,,
biometry,fetuses[].ratios[].percentile_for_display,HC/AC,str,empty,,4/5,,,,,,,,
biometry,fetuses[].ratios[].print_in_report,FL/AC,int,integer,1,4/5,,,,,,,,
biometry,fetuses[].ratios[].print_in_report,FL/BPD,int,integer,1,4/5,,,,,,,,
biometry,fetuses[].ratios[].print_in_report,HC/AC,int,integer,1,4/5,,,,,,,,
biometry,fetuses[].ratios[].range,FL/AC,str,coded_text,20 - 24,4/5,,,,,,,,
biometry,fetuses[].ratios[].range,FL/BPD,str,coded_text,71 - 87,4/5,,,,,,,,
biometry,fetuses[].ratios[].range,HC/AC,str,coded_text,1.04 - 1.22|1.05 - 1.21|0.93 - 1.11|1.05 - 1.22,4/5,,,,,,,,
biometry,fetuses[].ratios[].value,FL/AC,float|int,decimal|integer,22.149|21.653|21.424|20,4/5,,,,,,,,
biometry,fetuses[].ratios[].value,FL/BPD,float|int,decimal|integer,75|71.256|74.329|72.857,4/5,,,,,,,,
biometry,fetuses[].ratios[].value,HC/AC,float,decimal,1.105|1.062|0.979|1.027,4/5,,,,,,,,
biometry,,,,,,,OBX AbdomenFetus.AbdominalWallAppearance,Abdom. wall,Abdominal wall,str (ST),coded_text,normal,6/7,
biometry,,,,,,,OBX AbdomenFetus.InferiorVenaCavaDiameterZscoreMethod,IVC Zscore by,Inferior vena cava diameter Zscore calculated by,str (ST),coded_text,Schneider,2/7,
biometry,,,,,,,OBX AbdomenFetus.VP_AbdominalCircumference_Author,,,str (ST),coded_text,Hadlock,6/7,
biometry,,,,,,,OBX AbdomenFetus.VP_AbdominalCircumference_DevRatio,,,float|int (NM),decimal|percentile,-1.1 (-1.1%)|5 (+5.0%)|-3.1 (-3.1%)|-1 (-1.0%)|-9.5 (-9.5%)|-7.1 (-7.1%),6/7,
biometry,,,,,,,OBX AbdomenFetus.VP_AbdominalCircumference_Deviation,,,float|int (NM),decimal,-0.2 (-0.2SD)|0.5 (+0.5SD)|-0.5 (-0.5SD)|-1.7 (-1.7SD)|-1 (-1.0SD),6/7,
biometry,,,,,,,OBX AbdomenFetus.VP_AbdominalCircumference_GA,,,int (NM),weeks_days,169 (24w 1d)|139 (19w 6d)|166 (23w 5d)|225 (32w 1d)|184 (26w 2d)|159 (22w 5d),6/7,
biometry,,,,,,,OBX AbdomenFetus.VP_AbdominalCircumference_Percentile,,,int (NM),percentile,43 (43%)|70 (70%)|32 (32%)|42 (42%)|4 (4%)|15 (15%),6/7,
biometry,,,,,,,OBX EmbryonicStructuresFetus.VP_CrownRumpLength_Author,,,str (ST),coded_text,Hadlock,1/7,
biometry,,,,,,,OBX EmbryonicStructuresFetus.VP_CrownRumpLength_DevRatio,,,float (NM),percentile,-1.4 (-1.4%),1/7,
biometry,,,,,,,OBX EmbryonicStructuresFetus.VP_CrownRumpLength_Deviation,,,float (NM),decimal,-0.1 (-0.1SD),1/7,
biometry,,,,,,,OBX EmbryonicStructuresFetus.VP_CrownRumpLength_GA,,,int (NM),weeks_days,93 (13w 2d),1/7,
biometry,,,,,,,OBX EmbryonicStructuresFetus.VP_CrownRumpLength_Percentile,,,int (NM),percentile,45 (45%),1/7,
biometry,,,,,,,OBX ExtremitiesFetus.FibulaUndefinedLength,Fibula,Fibula length,float (NM),decimal,17.3,1/7,
biometry,,,,,,,OBX ExtremitiesFetus.LowerExtremitiesAppearance,Legs,Legs appearance,str (ST),coded_text,suboptimal|normal,6/7,
biometry,,,,,,,OBX ExtremitiesFetus.TibiaUndefinedLength,Tibia,Tibia length,float (NM),decimal,17.3,1/7,
biometry,,,,,,,OBX ExtremitiesFetus.UpperExtremitiesAppearance,Arms,Arms appearance,str (ST),coded_text,suboptimal|normal,7/7,
biometry,,,,,,,OBX ExtremitiesFetus.VP_FemurUndefinedLength_Author,,,str (ST),coded_text,Hadlock,6/7,
biometry,,,,,,,OBX ExtremitiesFetus.VP_FemurUndefinedLength_DevRatio,,,float (NM),decimal|percentile,-6.2 (-6.2%)|-15.8 (-15.8%)|0.7 (+0.7%)|-0.7 (-0.7%)|-10.6 (-10.6%)|-9.4 (-9.4%),6/7,
biometry,,,,,,,OBX ExtremitiesFetus.VP_FemurUndefinedLength_Deviation,,,float (NM),decimal,-0.9 (-0.9SD)|-1.6 (-1.6SD)|0.1 (+0.1SD)|-0.1 (-0.1SD)|-1.9 (-1.9SD)|-1.3 (-1.3SD),6/7,
biometry,,,,,,,OBX ExtremitiesFetus.VP_FemurUndefinedLength_GA,,,int (NM),weeks_days,163 (23w 2d)|124 (17w 5d)|172 (24w 4d)|229 (32w 5d)|184 (26w 2d)|158 (22w 4d),6/7,
biometry,,,,,,,OBX ExtremitiesFetus.VP_FemurUndefinedLength_Percentile,,,int (NM),percentile,18 (18%)|6 (6%)|54 (54%)|44 (44%)|3 (3%)|9 (9%),6/7,
biometry,,,,,,,OBX ExtremitiesFetus.VP_FibulaUndefinedLength_Author,,,str (ST),coded_text,Romero,1/7,
biometry,,,,,,,OBX ExtremitiesFetus.VP_FibulaUndefinedLength_DevRatio,,,float (NM),percentile,-34.2 (-34.2%),1/7,
biometry,,,,,,,OBX ExtremitiesFetus.VP_FibulaUndefinedLength_Deviation,,,float (NM),decimal,-2.1 (-2.1SD),1/7,
biometry,,,,,,,OBX ExtremitiesFetus.VP_FibulaUndefinedLength_Percentile,,,int (NM),percentile,2 (2%),1/7,
biometry,,,,,,,OBX ExtremitiesFetus.VP_HumerusUndefinedLength_Author,,,str (ST),coded_text,Romero,2/7,
biometry,,,,,,,OBX ExtremitiesFetus.VP_HumerusUndefinedLength_DevRatio,,,float (NM),percentile,-20.5 (-20.5%)|-7.4 (-7.4%),2/7,
biometry,,,,,,,OBX ExtremitiesFetus.VP_HumerusUndefinedLength_Deviation,,,float (NM),decimal,-1.9 (-1.9SD)|-1.2 (-1.2SD),2/7,
biometry,,,,,,,OBX ExtremitiesFetus.VP_HumerusUndefinedLength_Percentile,,,int (NM),percentile,3 (3%)|12 (12%),2/7,
biometry,,,,,,,OBX ExtremitiesFetus.VP_TibiaUndefinedLength_Author,,,str (ST),coded_text,Romero,1/7,
biometry,,,,,,,OBX ExtremitiesFetus.VP_TibiaUndefinedLength_DevRatio,,,float (NM),percentile,-31.6 (-31.6%),1/7,
biometry,,,,,,,OBX ExtremitiesFetus.VP_TibiaUndefinedLength_Deviation,,,float (NM),decimal,-2.6 (-2.6SD),1/7,
biometry,,,,,,,OBX ExtremitiesFetus.VP_TibiaUndefinedLength_Percentile,,,int (NM),percentile,0 (<1%),1/7,
biometry,,,,,,,OBX Fetus.BonyThoracicCircumferenceOverAbdominalCircumference,ThC / AC,Ratio bony thoracic circumference / Abdominal circumference,float (NM),decimal,0.73221477 (0.73)|0.89056902 (0.89),2/7,
biometry,,,,,,,OBX Fetus.EstimatedFetalWeight,EFW,Estimated fetal weight,float (NM),decimal,651.85456908 (652)|260.66063565 (261)|679.35773729 (679)|1942.49329768 (1942)|918.09260653 (918)|536.32107116 (536),6/7,
biometry,,,,,,,OBX Fetus.EstimatedFetalWeightLb,EFW (lb),Estimated fetal weight (lb),int (NM),integer,1|0|4|2,6/7,
biometry,,,,,,,OBX Fetus.EstimatedFetalWeightMethod,EFW by,Estimated fetal weight calculated by,str (ST),coded_text,Hadlock (BPD-HC-AC-FL),6/7,
biometry,,,,,,,OBX Fetus.EstimatedFetalWeightOz,EFW (oz),Estimated fetal weight (oz),int (NM),integer,7|9|8|5|0|3,6/7,
biometry,,,,,,,OBX Fetus.FemurUndefinedLengthOverHeadCircumference,FL / HC,Ratio femur length / Head circumference,float (NM),decimal,0.18|0.15|0.19|0.22|0.2 (0.20)|0.17,6/7,
biometry,,,,,,,OBX Fetus.VP_EstimatedFetalWeight_DevRatio,,,float (NM),decimal|percentile,-2.7 (-2.7%)|-7.3 (-7.3%)|1.4 (+1.4%)|-4.9 (-4.9%)|-25.6 (-25.6%)|-16.3 (-16.3%),6/7,
biometry,,,,,,,OBX Fetus.VP_EstimatedFetalWeight_Deviation,,,float (NM),decimal,-0.2 (-0.2SD)|-0.6 (-0.6SD)|0.1 (+0.1SD)|-0.4 (-0.4SD)|-1.9 (-1.9SD)|-1.2 (-1.2SD),6/7,
biometry,,,,,,,OBX Fetus.VP_EstimatedFetalWeight_Percentile,,,int (NM),percentile,42 (42%)|29 (29%)|54 (54%)|36 (36%)|3 (3%)|11 (11%),6/7,
biometry,,,,,,,OBX Fetus.VP_FemurUndefinedLengthOverAbdominalCircumference_Author,,,str (ST),coded_text,Hadlock,6/7,
biometry,,,,,,,OBX Fetus.VP_FemurUndefinedLengthOverAbdominalCircumference_DevRatio,,,float (NM),percentile,-18.1 (-18.1%),1/7,
biometry,,,,,,,OBX Fetus.VP_FemurUndefinedLengthOverAbdominalCircumference_Deviation,,,int (NM),decimal,-3 (-3.0SD),1/7,
biometry,,,,,,,OBX Fetus.VP_FemurUndefinedLengthOverAbdominalCircumference_Percentile,,,int (NM),percentile,0 (<1%),1/7,
biometry,,,,,,,OBX Fetus.VP_FemurUndefinedLengthOverBiparietalDiameter_Author,,,str (ST),coded_text,Hadlock,6/7,
biometry,,,,,,,OBX Fetus.VP_FemurUndefinedLengthOverBiparietalDiameter_DevRatio,,,float (NM),percentile,-5.2 (-5.2%),1/7,
biometry,,,,,,,OBX Fetus.VP_FemurUndefinedLengthOverBiparietalDiameter_Deviation,,,float (NM),decimal,-0.9 (-0.9SD),1/7,
biometry,,,,,,,OBX Fetus.VP_FemurUndefinedLengthOverBiparietalDiameter_Percentile,,,int (NM),percentile,19 (19%),1/7,
biometry,,,,,,,OBX Fetus.VP_FemurUndefinedLengthOverHeadCircumference_Author,,,str (ST),coded_text,Hadlock,6/7,
biometry,,,,,,,OBX Fetus.VP_FemurUndefinedLengthOverHeadCircumference_DevRatio,,,float (NM),percentile,-17.3 (-17.3%),1/7,
biometry,,,,,,,OBX Fetus.VP_FemurUndefinedLengthOverHeadCircumference_Deviation,,,float (NM),decimal,-3.2 (-3.2SD),1/7,
biometry,,,,,,,OBX Fetus.VP_FemurUndefinedLengthOverHeadCircumference_Percentile,,,int (NM),percentile,0 (<1%),1/7,
biometry,,,,,,,OBX Fetus.VP_HeadCircumferenceOverAbdominalCircumference_Author,,,str (ST),coded_text,Nicolaides,6/7,
biometry,,,,,,,OBX Fetus.VP_HeadCircumferenceOverAbdominalCircumference_DevRatio,,,float|int (NM),decimal|percentile,2 (+2.0%)|-4.5 (-4.5%)|9 (+9.0%)|-1.6 (-1.6%)|0.2 (+0.2%)|9.6 (+9.6%),6/7,
biometry,,,,,,,OBX Fetus.VP_HeadCircumferenceOverAbdominalCircumference_Deviation,,,float|int (NM),decimal,0.4 (+0.4SD)|-0.8 (-0.8SD)|1.6 (+1.6SD)|-0.3 (-0.3SD)|0 (0.0SD)|1.7 (+1.7SD),6/7,
biometry,,,,,,,OBX Fetus.VP_HeadCircumferenceOverAbdominalCircumference_Percentile,,,int (NM),percentile,64 (64%)|20 (20%)|95 (95%)|40 (40%)|51 (51%)|96 (96%),6/7,
biometry,,,,,,,OBX NeckSkinFetus.NeckAppearance,Neck,Neck appearance,str (ST),coded_text,abnormal|normal,3/7,
biometry,,,,,,,OBX NeckSkinFetus.NeckDetails,Neck,Neck details,str (ST),coded_text,cystic hygroma,1/7,
biometry,,,,,,,OBX NeckSkinFetus.NuchalTranslucency,NT,Nuchal translucency,int (NM),decimal,4 (4.00),1/7,
biometry,,,,,,,OBX NeckSkinFetus.VP_NuchalTranslucency_Author,,,str (ST),coded_text,Nicolaides,1/7,
biometry,,,,,,,OBX NeckSkinFetus.VP_NuchalTranslucency_DevRatio,,,float (NM),decimal,110.2 (>+99%),1/7,
biometry,,,,,,,OBX NeckSkinFetus.VP_NuchalTranslucency_Deviation,,,float (NM),decimal,4.5 (+4.5SD),1/7,
biometry,,,,,,,OBX NeckSkinFetus.VP_NuchalTranslucency_Percentile,,,int (NM),percentile,100 (>99%),1/7,
biometry,,,,,,,OBX SkullFetus.BiparietalDiameterOverOccipitoFrontalDiameter,Cephalic index,Ratio Biparietal diameter / Occipito-frontal diameter,float (NM),decimal,0.9596 (0.96)|0.7519 (0.75)|0.8474 (0.85)|0.8396 (0.84)|0.8787 (0.88)|0.7489 (0.75),6/7,
biometry,,,,,,,OBX SkullFetus.HeadAppearance,Cranium,Cranium,str (ST),coded_text,abnormal|normal,7/7,
biometry,,,,,,,OBX SkullFetus.HeadDetails,Cranium,Cranium details,str (ST),coded_text,cloverleaf shape,1/7,
biometry,,,,,,,OBX SkullFetus.HeadShapeAppearance,Head shape,Head shape appearance,str (ST),coded_text,abnormal,2/7,
biometry,,,,,,,OBX SkullFetus.HeadShapeDetails,Head shape,Head shape details,str (ST),coded_text,brachycephaly,2/7,
biometry,,,,,,,OBX SkullFetus.HeadSizeAppearance,Head size,Head size appearance,str (ST),coded_text,normal,1/7,
biometry,,,,,,,OBX SkullFetus.OccipitoFrontalDiameter,OFD,Occipito-frontal diameter,float (NM),decimal,71.7|52.4|74.7|93.5|76.7|71.3,6/7,
biometry,,,,,,,OBX SkullFetus.VP_BiparietalDiameterOverOccipitoFrontalDiameter_Author,,,str (ST),coded_text,Nicolaides,6/7,
biometry,,,,,,,OBX SkullFetus.VP_BiparietalDiameterOverOccipitoFrontalDiameter_DevRatio,,,float (NM),decimal|percentile,22.2 (+22.2%)|-4.8 (-4.8%)|7.9 (+7.9%)|5.1 (+5.1%)|11.5 (+11.5%)|-4.6 (-4.6%),6/7,
biometry,,,,,,,OBX SkullFetus.VP_BiparietalDiameterOverOccipitoFrontalDiameter_Deviation,,,float (NM),decimal,4.5 (+4.5SD)|-1.1 (-1.1SD)|1.7 (+1.7SD)|1.1 (+1.1SD)|2.4 (+2.4SD),6/7,
biometry,,,,,,,OBX SkullFetus.VP_BiparietalDiameterOverOccipitoFrontalDiameter_Percentile,,,int (NM),percentile,100 (>99%)|14 (14%)|96 (96%)|87 (87%)|99 (>99%),6/7,
biometry,,,,,,,OBX SkullFetus.VP_BiparietalDiameter_Author,,,str (ST),coded_text,Hadlock,6/7,
biometry,,,,,,,OBX SkullFetus.VP_BiparietalDiameter_DevRatio,,,float|int (NM),decimal|percentile,16.3 (+16.3%)|-9.2 (-9.2%)|7 (+7.0%)|-3.5 (-3.5%)|-5.1 (-5.1%)|-8.4 (-8.4%),6/7,
biometry,,,,,,,OBX SkullFetus.VP_BiparietalDiameter_Deviation,,,float|int (NM),decimal,3.2 (+3.2SD)|-1.3 (-1.3SD)|1.4 (+1.4SD)|-1 (-1.0SD)|-1.2 (-1.2SD)|-1.6 (-1.6SD),6/7,
biometry,,,,,,,OBX SkullFetus.VP_BiparietalDiameter_GA,,,int (NM),weeks_days,194 (27w 5d)|126 (18w 0d)|179 (25w 4d)|221 (31w 4d)|190 (27w 1d)|156 (22w 2d),6/7,
biometry,,,,,,,OBX SkullFetus.VP_BiparietalDiameter_Percentile,,,int (NM),percentile,100 (>99%)|9 (9%)|92 (92%)|17 (17%)|12 (12%)|5 (5%),6/7,
biometry,,,,,,,OBX SkullFetus.VP_HeadCircumference_Author,,,str (ST),coded_text,Chervenak,6/7,
biometry,,,,,,,OBX SkullFetus.VP_HeadCircumference_DevRatio,,,float (NM),decimal|percentile,1.9 (+1.9%)|6.2 (+6.2%)|-2.3 (-2.3%)|-8.5 (-8.5%)|2.9 (+2.9%),5/7,
biometry,,,,,,,OBX SkullFetus.VP_HeadCircumference_Deviation,,,float (NM),decimal,0.3 (+0.3SD)|0.9 (+0.9SD)|-0.5 (-0.5SD)|-1.5 (-1.5SD)|0.4 (+0.4SD),5/7,
biometry,,,,,,,OBX SkullFetus.VP_HeadCircumference_GA,,,int (NM),weeks_days,171 (24w 3d)|177 (25w 2d)|221 (31w 4d)|181 (25w 6d)|170 (24w 2d),5/7,
biometry,,,,,,,OBX SkullFetus.VP_HeadCircumference_Percentile,,,int (NM),percentile,61 (61%)|83 (83%)|32 (32%)|6 (6%)|67 (67%),5/7,
biometry,,,,,,,OBX SkullFetus.VP_OccipitoFrontalDiameter_Author,,,str (ST),coded_text,Nicolaides,6/7,
biometry,,,,,,,OBX SkullFetus.VP_OccipitoFrontalDiameter_DevRatio,,,float (NM),percentile,-7.1 (-7.1%)|-7.6 (-7.6%)|-3.3 (-3.3%)|-12.7 (-12.7%)|-18.1 (-18.1%)|-6.2 (-6.2%),6/7,
biometry,,,,,,,OBX SkullFetus.VP_OccipitoFrontalDiameter_Deviation,,,float (NM),decimal,-1.5 (-1.5SD)|-1.6 (-1.6SD)|-0.7 (-0.7SD)|-2.8 (-2.8SD)|-4.1 (-4.1SD)|-1.3 (-1.3SD),6/7,
biometry,,,,,,,OBX SkullFetus.VP_OccipitoFrontalDiameter_GA,,,int (NM),weeks_days,155 (22w 1d)|123 (17w 4d)|160 (22w 6d)|193 (27w 4d)|164 (23w 3d),6/7,
biometry,,,,,,,OBX SkullFetus.VP_OccipitoFrontalDiameter_Percentile,,,int (NM),percentile,7 (7%)|6 (6%)|25 (25%)|0 (<1%)|10 (10%),6/7,
biometry,,,,,,,OBX U_FGRData_F_6v65c63705.AbdominalCircumferencePercentile,		AC %ile,		AC %ile,str (ST),percentile,"43% |70% , 70% , 70% , 70% |32% , 32% , 32% |42% , 42% , 42% |4% , 4% , 4% |15% , 15% , 15% , 15% ",6/7,
biometry,,,,,,,OBX U_FGRData_F_6v65c63705.EFW,EFW,EFW,str (ST),coded_text,"652 g |261 g , 261 g , 261 g , 261 g |679 g , 679 g , 679 g |1942 g , 1942 g , 1942 g |918 g , 918 g , 918 g |536 g , 536 g , 536 g , 536 g ",6/7,
biometry,,,,,,,OBX U_FGRData_F_6v65c63705.EFWPercentile,		EFW %ile,		EFW %ile,str (ST),percentile,"42% |29% , 29% , 29% , 29% |54% , 54% , 54% |36% , 36% , 36% |3% , 3% , 3% |11% , 11% , 11% , 11% ",6/7,
biometry,,,,,,,OBX U_FGRData_F_6v65c63705.UmbilicalArteryPI,UA PI,UA PI,str (ST),coded_text,"... |... , ... , ... , ... |... , ... , ... |0.86 , 0.86 , 0.86 ",6/7,
biometry,,,,,,,OBX U_FGRData_F_6v65c63705.UmbilicalArteryPIPercentile,		UA PI %ile,		UA PI %ile,str (ST),percentile,"... |... , ... , ... , ... |... , ... , ... |9% , 9% , 9% ",6/7,
biometry,,,,,,,OBX U_FGRData_F_6v65c63705.UmbilicalArteryRI,UA RI,UA RI,str (ST),coded_text,"... |... , ... , ... , ... |... , ... , ... |0.54 , 0.54 , 0.54 ",6/7,
biometry,,,,,,,OBX U_FGRData_F_6v65c63705.UmbilicalArteryRIPercentile,		UA RI %ile,		UA RI %ile,str (ST),percentile,"... |... , ... , ... , ... |... , ... , ... |4% , 4% , 4% ",6/7,
biometry,,,,,,,OBX U_FGRData_F_6v65c63705.UmbilicalArterySD,UA S/D,UA S/D,str (ST),coded_text,"... |... , ... , ... , ... |... , ... , ... |2.19 , 2.19 , 2.19 ",6/7,
biometry,,,,,,,OBX U_FGRData_F_6v65c63705.UmbilicalArterySDPercentile,		UA SD %ile,		UA SD %ile,str (ST),percentile,"... |... , ... , ... , ... |... , ... , ... |7% , 7% , 7% ",6/7,
anatomy_brain,,,,,,,OBX BrainFetus.BrainAppearance,Brain,Brain appearance,str (ST),coded_text,abnormal|normal,6/7,
anatomy_brain,,,,,,,OBX BrainFetus.CerebellumAppearance,Cerebellum,Cerebellum appearance,str (ST),coded_text,abnormal,1/7,
anatomy_brain,,,,,,,OBX BrainFetus.CerebellumDetails,Cerebellum,Cerebellum details,str (ST),coded_text,hypoplasia,1/7,
anatomy_brain,,,,,,,OBX BrainFetus.LateralVentricleLAppearance,Lt lateral ventricle,Left lateral ventricle,str (ST),coded_text,abnormal,2/7,
anatomy_brain,,,,,,,OBX BrainFetus.LateralVentricleLDetails,Lt lateral ventricle,Left lateral ventricle,str (ST),coded_text,ventriculomegaly,2/7,
anatomy_brain,,,,,,,OBX BrainFetus.LateralVentricleRAppearance,Rt lateral ventricle,Right lateral ventricle,str (ST),coded_text,abnormal,3/7,
anatomy_brain,,,,,,,OBX BrainFetus.LateralVentricleRDetails,Rt lateral ventricle,Right lateral ventricle,str (ST),coded_text,ventriculomegaly,3/7,
anatomy_brain,,,,,,,OBX BrainFetus.LateralVentricleUndefinedOccipitalHorn,Vp,Lateral ventricle occipital horn,float (NM),decimal,13.78 (13.8)|12.07 (12.1)|0.73 (0.7),3/7,
anatomy_brain,,,,,,,OBX BrainFetus.TranscerebellarDiameter,Cerebellum tr,Cerebellar diameter transverse,float (NM),decimal,19.3,1/7,
anatomy_brain,,,,,,,OBX BrainFetus.VP_TranscerebellarDiameter_Author,,,str (ST),coded_text,Hill,1/7,
anatomy_brain,,,,,,,OBX BrainFetus.VP_TranscerebellarDiameter_DevRatio,,,float (NM),percentile,-3.5 (-3.5%),1/7,
anatomy_brain,,,,,,,OBX BrainFetus.VP_TranscerebellarDiameter_Deviation,,,float (NM),decimal,-0.7 (-0.7SD),1/7,
anatomy_brain,,,,,,,OBX BrainFetus.VP_TranscerebellarDiameter_GA,,,int (NM),weeks_days,131 (18w 5d),1/7,
anatomy_brain,,,,,,,OBX BrainFetus.VP_TranscerebellarDiameter_Percentile,,,int (NM),percentile,26 (26%),1/7,
anatomy_face_neck,,,,,,,OBX FaceFetus.FaceAppearance,Face,Face appearance,str (ST),coded_text,suboptimal|normal,7/7,
anatomy_face_neck,,,,,,,OBX FaceFetus.InnerInterorbitalDistance,Inner IOD,Inner interorbital distance,int (NM),decimal,15 (15.0),1/7,
anatomy_face_neck,,,,,,,OBX FaceFetus.VP_InnerInterorbitalDistance_Author,,,str (ST),coded_text,Merz,1/7,
anatomy_chest_gi,,,,,,,OBX ChestFetus.BonyThoracicArea,Thoracic area,Thoracic area,float (NM),decimal,1600.67 (16.0)|2273.55 (22.7),2/7,
anatomy_chest_gi,,,,,,,OBX ChestFetus.BonyThoracicCircumference,Thoracic circ,Thoracic circumference,float (NM),decimal,141.83 (141.8)|169.03 (169.0),2/7,
anatomy_chest_gi,,,,,,,OBX ChestFetus.CardiacAreaOverBonyThoracicArea,CA / ThA,Cardiac area / Thoracic area,float (NM),decimal,0.28,2/7,
anatomy_chest_gi,,,,,,,OBX ChestFetus.CardiacCircumferenceOverBonyThoracicCircumference,CC / ThC,Cardiac circumference / Thoracic circumference,float (NM),decimal,0.53,2/7,
anatomy_chest_gi,,,,,,,OBX ChestFetus.ChestAppearance,Thorax,Thorax appearance,str (ST),coded_text,normal,6/7,
anatomy_chest_gi,,,,,,,OBX ChestFetus.DuctusArteriosusDiameterZscoreMethod,Ductus arteriosus Zscore by,Ductus arteriosus diameter Zscore calculated by,str (ST),coded_text,Schneider,2/7,
anatomy_chest_gi,,,,,,,OBX ChestFetus.ThoracicDescAortaDetails,Descending aorta,Descending thoracic aorta,str (ST),coded_text,normal,2/7,
anatomy_chest_gi,,,,,,,OBX ChestFetus.VP_BonyThoracicCircumference_Author,,,str (ST),coded_text,Lessoway,2/7,
anatomy_chest_gi,,,,,,,OBX ChestFetus.VP_BonyThoracicCircumference_DevRatio,,,float (NM),percentile,-16.8 (-16.8%)|-0.9 (-0.9%),2/7,
anatomy_chest_gi,,,,,,,OBX ChestFetus.VP_BonyThoracicCircumference_Deviation,,,float|int (NM),decimal,-2 (-2.0SD)|-0.1 (-0.1SD),2/7,
anatomy_chest_gi,,,,,,,OBX ChestFetus.VP_BonyThoracicCircumference_Percentile,,,int (NM),percentile,2 (2%)|46 (46%),2/7,
anatomy_chest_gi,,,,,,,OBX GastrointestinalTractFetus.GastrointestinalTractAppearance,GI tract,Gastrointestinal tract,str (ST),coded_text,normal,6/7,
anatomy_spine,,,,,,,OBX SpineFetus.SpineAppearance,Spine,Spine appearance,str (ST),coded_text,suboptimal|normal,7/7,
anatomy_urinary,,,,,,,OBX UrinaryTractFetus.BladderAppearance,Bladder,Urinary bladder appearance,str (ST),coded_text,normal,2/7,
anatomy_urinary,,,,,,,OBX UrinaryTractFetus.KidneyLAnteriorPosteriorDiameter,Lt Kidney ap,Left kidney anterior-posterior diameter,float (NM),decimal,30.9,1/7,
anatomy_urinary,,,,,,,OBX UrinaryTractFetus.KidneyLAppearance,Lt kidney,Left kidney,str (ST),coded_text,abnormal,1/7,
anatomy_urinary,,,,,,,OBX UrinaryTractFetus.KidneyLLongitudinalDiameter,Lt Kidney long,Left kidney longitudinal diameter,float (NM),decimal,43.6,1/7,
anatomy_urinary,,,,,,,OBX UrinaryTractFetus.KidneyLTransverseDiameter,Lt Kidney tr,Left kidney transverse diameter,float (NM),decimal,45.9,1/7,
anatomy_urinary,,,,,,,OBX UrinaryTractFetus.KidneyLVolume,Lt Kidney Vol,Left kidney volume,int (NM),decimal,32378 (32.4),1/7,
anatomy_urinary,,,,,,,OBX UrinaryTractFetus.KidneyRAnteriorPosteriorDiameter,Rt Kidney ap,Right kidney anterior-posterior diameter,float (NM),decimal,25.7,1/7,
anatomy_urinary,,,,,,,OBX UrinaryTractFetus.KidneyRAppearance,Rt kidney,Right kidney,str (ST),coded_text,abnormal,1/7,
anatomy_urinary,,,,,,,OBX UrinaryTractFetus.KidneyRLongitudinalDiameter,Rt Kidney long,Right kidney longitudinal diameter,float (NM),decimal,45.2,1/7,
anatomy_urinary,,,,,,,OBX UrinaryTractFetus.KidneyRTransverseDiameter,Rt Kidney tr,Right kidney transverse diameter,float (NM),decimal,27.5,1/7,
anatomy_urinary,,,,,,,OBX UrinaryTractFetus.KidneyRVolume,Rt Kidney Vol,Right kidney volume,int (NM),decimal,16726 (16.7),1/7,
anatomy_urinary,,,,,,,OBX UrinaryTractFetus.RenalPelvisLAnteriorPosteriorDiameter,Lt Renal pelvis ap,Left renal pelvis anterior-posterior diameter,float (NM),decimal,13.35 (13.4),1/7,
anatomy_urinary,,,,,,,OBX UrinaryTractFetus.RenalPelvisRAnteriorPosteriorDiameter,Rt Renal pelvis ap,Right renal pelvis anterior-posterior diameter,float (NM),decimal,11.18 (11.2),1/7,
anatomy_urinary,,,,,,,OBX UrinaryTractFetus.UrogenitalTractAppearance,Urogenital tract,Urogenital tract appearance,str (ST),coded_text,normal|abnormal,6/7,
anatomy_urinary,,,,,,,OBX UrinaryTractFetus.VP_KidneyLAnteriorPosteriorDiameter_Author,,,str (ST),coded_text,Chitty,1/7,
anatomy_urinary,,,,,,,OBX UrinaryTractFetus.VP_KidneyLAnteriorPosteriorDiameter_DevRatio,,,float (NM),decimal,32.5 (+32.5%),1/7,
anatomy_urinary,,,,,,,OBX UrinaryTractFetus.VP_KidneyLAnteriorPosteriorDiameter_Deviation,,,float (NM),decimal,1.9 (+1.9SD),1/7,
anatomy_urinary,,,,,,,OBX UrinaryTractFetus.VP_KidneyLAnteriorPosteriorDiameter_Percentile,,,int (NM),percentile,97 (97%),1/7,
anatomy_urinary,,,,,,,OBX UrinaryTractFetus.VP_KidneyLLongitudinalDiameter_Author,,,str (ST),coded_text,Chitty,1/7,
anatomy_urinary,,,,,,,OBX UrinaryTractFetus.VP_KidneyLLongitudinalDiameter_DevRatio,,,float (NM),decimal,12.5 (+12.5%),1/7,
anatomy_urinary,,,,,,,OBX UrinaryTractFetus.VP_KidneyLLongitudinalDiameter_Deviation,,,int (NM),decimal,1 (+1.0SD),1/7,
anatomy_urinary,,,,,,,OBX UrinaryTractFetus.VP_KidneyLLongitudinalDiameter_Percentile,,,int (NM),percentile,83 (83%),1/7,
anatomy_urinary,,,,,,,OBX UrinaryTractFetus.VP_KidneyLTransverseDiameter_Author,,,str (ST),coded_text,Chitty,1/7,
anatomy_urinary,,,,,,,OBX UrinaryTractFetus.VP_KidneyLTransverseDiameter_DevRatio,,,float (NM),decimal,102.6 (>+99%),1/7,
anatomy_urinary,,,,,,,OBX UrinaryTractFetus.VP_KidneyLVolume_Author,,,str (ST),coded_text,Chitty,1/7,
anatomy_urinary,,,,,,,OBX UrinaryTractFetus.VP_KidneyLVolume_DevRatio,,,float (NM),decimal,201.8 (>+99%),1/7,
anatomy_urinary,,,,,,,OBX UrinaryTractFetus.VP_KidneyLVolume_Deviation,,,float (NM),decimal,5.2 (+5.2SD),1/7,
anatomy_urinary,,,,,,,OBX UrinaryTractFetus.VP_KidneyLVolume_Percentile,,,int (NM),percentile,100 (>99%),1/7,
anatomy_urinary,,,,,,,OBX UrinaryTractFetus.VP_KidneyRAnteriorPosteriorDiameter_Author,,,str (ST),coded_text,Chitty,1/7,
anatomy_urinary,,,,,,,OBX UrinaryTractFetus.VP_KidneyRAnteriorPosteriorDiameter_DevRatio,,,float (NM),decimal,10.2 (+10.2%),1/7,
anatomy_urinary,,,,,,,OBX UrinaryTractFetus.VP_KidneyRAnteriorPosteriorDiameter_Deviation,,,float (NM),decimal,0.6 (+0.6SD),1/7,
anatomy_urinary,,,,,,,OBX UrinaryTractFetus.VP_KidneyRAnteriorPosteriorDiameter_Percentile,,,int (NM),percentile,72 (72%),1/7,
anatomy_urinary,,,,,,,OBX UrinaryTractFetus.VP_KidneyRLongitudinalDiameter_Author,,,str (ST),coded_text,Chitty,1/7,
anatomy_urinary,,,,,,,OBX UrinaryTractFetus.VP_KidneyRLongitudinalDiameter_DevRatio,,,float (NM),decimal,16.6 (+16.6%),1/7,
anatomy_urinary,,,,,,,OBX UrinaryTractFetus.VP_KidneyRLongitudinalDiameter_Deviation,,,float (NM),decimal,1.3 (+1.3SD),1/7,
anatomy_urinary,,,,,,,OBX UrinaryTractFetus.VP_KidneyRLongitudinalDiameter_Percentile,,,int (NM),percentile,90 (90%),1/7,
anatomy_urinary,,,,,,,OBX UrinaryTractFetus.VP_KidneyRTransverseDiameter_Author,,,str (ST),coded_text,Chitty,1/7,
anatomy_urinary,,,,,,,OBX UrinaryTractFetus.VP_KidneyRTransverseDiameter_DevRatio,,,float (NM),decimal,21.4 (+21.4%),1/7,
anatomy_urinary,,,,,,,OBX UrinaryTractFetus.VP_KidneyRTransverseDiameter_Deviation,,,float (NM),decimal,1.2 (+1.2SD),1/7,
anatomy_urinary,,,,,,,OBX UrinaryTractFetus.VP_KidneyRTransverseDiameter_Percentile,,,int (NM),percentile,89 (89%),1/7,
anatomy_urinary,,,,,,,OBX UrinaryTractFetus.VP_KidneyRVolume_Author,,,str (ST),coded_text,Chitty,1/7,
anatomy_urinary,,,,,,,OBX UrinaryTractFetus.VP_KidneyRVolume_DevRatio,,,float (NM),decimal,55.9 (+55.9%),1/7,
anatomy_urinary,,,,,,,OBX UrinaryTractFetus.VP_KidneyRVolume_Deviation,,,float (NM),decimal,1.4 (+1.4SD),1/7,
anatomy_urinary,,,,,,,OBX UrinaryTractFetus.VP_KidneyRVolume_Percentile,,,int (NM),percentile,92 (92%),1/7,
anatomy_urinary,,,,,,,OBX UrinaryTractFetus.VP_RenalPelvisLAnteriorPosteriorDiameter_Author,,,str (ST),coded_text,Chitty,1/7,
anatomy_urinary,,,,,,,OBX UrinaryTractFetus.VP_RenalPelvisRAnteriorPosteriorDiameter_Author,,,str (ST),coded_text,Chitty,1/7,
anatomy_general,fetuses[].anatomy[].anomalies,,null,empty,,5/5,,,,,,,,
anatomy_general,fetuses[].anatomy[].anomalies[].abnormal_or_normal_variant,,str,coded_text,Abnormal,5/5,,,,,,,,
anatomy_general,fetuses[].anatomy[].anomalies[].description,,str,coded_text,Dandy Walker|Renal agenesis|Omphalocele|Acrania|Hypoplastic left ventricle,5/5,,,,,,,,
anatomy_general,fetuses[].anatomy[].detail,,null,empty,,5/5,,,,,,,,
anatomy_general,fetuses[].anatomy[].detail[].anat_det_state,BPD Level,str,coded_text,Unseen|Normal,5/5,,,,,,,,
anatomy_general,fetuses[].anatomy[].detail[].anat_det_state,Bowel,str,coded_text,Unseen,5/5,,,,,,,,
anatomy_general,fetuses[].anatomy[].detail[].anat_det_state,Calvarium,str,coded_text,Unseen|Normal|Abnormal,5/5,,,,,,,,
anatomy_general,fetuses[].anatomy[].detail[].anat_det_state,Cardiac Axis,str,coded_text,Normal|Unseen,5/5,,,,,,,,
anatomy_general,fetuses[].anatomy[].detail[].anat_det_state,Cardiac Position,str,coded_text,Normal|Unseen,5/5,,,,,,,,
anatomy_general,fetuses[].anatomy[].detail[].anat_det_state,Cerebellum,str,coded_text,Abnormal|Normal|Unseen,5/5,,,,,,,,
anatomy_general,fetuses[].anatomy[].detail[].anat_det_state,Cervical Spine,str,coded_text,Normal|Unseen,5/5,,,,,,,,
anatomy_general,fetuses[].anatomy[].detail[].anat_det_state,Choroid Plexus,str,coded_text,Unseen|Normal,5/5,,,,,,,,
anatomy_general,fetuses[].anatomy[].detail[].anat_det_state,Cisterna Magna,str,coded_text,Unseen|Normal,5/5,,,,,,,,
anatomy_general,fetuses[].anatomy[].detail[].anat_det_state,Diaphragm,str,coded_text,Normal|Unseen,5/5,,,,,,,,
anatomy_general,fetuses[].anatomy[].detail[].anat_det_state,Distal Left Outflow,str,coded_text,Unseen,5/5,,,,,,,,
anatomy_general,fetuses[].anatomy[].detail[].anat_det_state,Distal Right Outflow,str,coded_text,Unseen,5/5,,,,,,,,
anatomy_general,fetuses[].anatomy[].detail[].anat_det_state,Face,str,coded_text,Normal|Unseen,5/5,,,,,,,,
anatomy_general,fetuses[].anatomy[].detail[].anat_det_state,Four Chamber View,str,coded_text,Normal|Unseen|Abnormal,5/5,,,,,,,,
anatomy_general,fetuses[].anatomy[].detail[].anat_det_state,Gall Bladder,str,coded_text,Unseen,5/5,,,,,,,,
anatomy_general,fetuses[].anatomy[].detail[].anat_det_state,IVC,str,coded_text,Unseen,5/5,,,,,,,,
anatomy_general,fetuses[].anatomy[].detail[].anat_det_state,Interatrial Septum,str,coded_text,Normal|Unseen,5/5,,,,,,,,
anatomy_general,fetuses[].anatomy[].detail[].anat_det_state,Interventricular Septum,str,coded_text,Normal|Unseen,5/5,,,,,,,,
anatomy_general,fetuses[].anatomy[].detail[].anat_det_state,Lateral Ventricles,str,coded_text,Unseen|Normal,5/5,,,,,,,,
anatomy_general,fetuses[].anatomy[].detail[].anat_det_state,Liver,str,coded_text,Unseen,5/5,,,,,,,,
anatomy_general,fetuses[].anatomy[].detail[].anat_det_state,Lt Femur,str,coded_text,Normal|Unseen,5/5,,,,,,,,
anatomy_general,fetuses[].anatomy[].detail[].anat_det_state,Lt Fingers,str,coded_text,Unseen,5/5,,,,,,,,
anatomy_general,fetuses[].anatomy[].detail[].anat_det_state,Lt Foot,str,coded_text,Normal|Unseen,5/5,,,,,,,,
anatomy_general,fetuses[].anatomy[].detail[].anat_det_state,Lt Forearm,str,coded_text,Normal|Unseen,5/5,,,,,,,,
anatomy_general,fetuses[].anatomy[].detail[].anat_det_state,Lt Hand,str,coded_text,Normal|Unseen,5/5,,,,,,,,
anatomy_general,fetuses[].anatomy[].detail[].anat_det_state,Lt Humerus,str,coded_text,Normal|Unseen,5/5,,,,,,,,
anatomy_general,fetuses[].anatomy[].detail[].anat_det_state,Lt Low Leg,str,coded_text,Normal|Unseen,5/5,,,,,,,,
anatomy_general,fetuses[].anatomy[].detail[].anat_det_state,Lt Toes,str,coded_text,Unseen,5/5,,,,,,,,
anatomy_general,fetuses[].anatomy[].detail[].anat_det_state,Lumbar Spine,str,coded_text,Normal|Unseen,5/5,,,,,,,,
anatomy_general,fetuses[].anatomy[].detail[].anat_det_state,Lungs,str,coded_text,Unseen,5/5,,,,,,,,
anatomy_general,fetuses[].anatomy[].detail[].anat_det_state,Neck,str,coded_text,Normal|Unseen,5/5,,,,,,,,
anatomy_general,fetuses[].anatomy[].detail[].anat_det_state,Nose/Lips,str,coded_text,Normal|Unseen,5/5,,,,,,,,
anatomy_general,fetuses[].anatomy[].detail[].anat_det_state,Nuchal Fold,str,coded_text,Normal|Unseen,5/5,,,,,,,,
anatomy_general,fetuses[].anatomy[].detail[].anat_det_state,Orbits,str,coded_text,Normal|Unseen,5/5,,,,,,,,
anatomy_general,fetuses[].anatomy[].detail[].anat_det_state,Palate,str,coded_text,Normal|Unseen,5/5,,,,,,,,
anatomy_general,fetuses[].anatomy[].detail[].anat_det_state,Profile,str,coded_text,Normal|Unseen,5/5,,,,,,,,
anatomy_general,fetuses[].anatomy[].detail[].anat_det_state,Proximal Left Outflow,str,coded_text,Normal|Unseen,5/5,,,,,,,,
anatomy_general,fetuses[].anatomy[].detail[].anat_det_state,Proximal Right Outflow,str,coded_text,Normal|Unseen,5/5,,,,,,,,
anatomy_general,fetuses[].anatomy[].detail[].anat_det_state,Rt Femur,str,coded_text,Normal|Unseen,5/5,,,,,,,,
anatomy_general,fetuses[].anatomy[].detail[].anat_det_state,Rt Fingers,str,coded_text,Unseen,5/5,,,,,,,,
anatomy_general,fetuses[].anatomy[].detail[].anat_det_state,Rt Foot,str,coded_text,Normal|Unseen,5/5,,,,,,,,
anatomy_general,fetuses[].anatomy[].detail[].anat_det_state,Rt Forearm,str,coded_text,Normal|Unseen,5/5,,,,,,,,
anatomy_general,fetuses[].anatomy[].detail[].anat_det_state,Rt Hand,str,coded_text,Normal|Unseen,5/5,,,,,,,,
anatomy_general,fetuses[].anatomy[].detail[].anat_det_state,Rt Humerus,str,coded_text,Normal|Unseen,5/5,,,,,,,,
anatomy_general,fetuses[].anatomy[].detail[].anat_det_state,Rt Low Leg,str,coded_text,Normal|Unseen,5/5,,,,,,,,
anatomy_general,fetuses[].anatomy[].detail[].anat_det_state,Rt Toes,str,coded_text,Unseen,5/5,,,,,,,,
anatomy_general,fetuses[].anatomy[].detail[].anat_det_state,SVC,str,coded_text,Unseen|Normal,5/5,,,,,,,,
anatomy_general,fetuses[].anatomy[].detail[].anat_det_state,Sacrum,str,coded_text,Normal|Unseen,5/5,,,,,,,,
anatomy_general,fetuses[].anatomy[].detail[].anat_det_state,Short Axis of Greater Vessels,str,coded_text,Normal|Unseen,5/5,,,,,,,,
anatomy_general,fetuses[].anatomy[].detail[].anat_det_state,Spleen,str,coded_text,Unseen,5/5,,,,,,,,
anatomy_general,fetuses[].anatomy[].detail[].anat_det_state,Thoracic Spine,str,coded_text,Normal|Unseen,5/5,,,,,,,,
anatomy_general,fetuses[].anatomy[].detail[].label,BPD Level,str,coded_text,BPD Level,5/5,,,,,,,,
anatomy_general,fetuses[].anatomy[].detail[].label,Bowel,str,coded_text,Bowel,5/5,,,,,,,,
anatomy_general,fetuses[].anatomy[].detail[].label,Calvarium,str,coded_text,Calvarium,5/5,,,,,,,,
anatomy_general,fetuses[].anatomy[].detail[].label,Cardiac Axis,str,coded_text,Cardiac Axis,5/5,,,,,,,,
anatomy_general,fetuses[].anatomy[].detail[].label,Cardiac Position,str,coded_text,Cardiac Position,5/5,,,,,,,,
anatomy_general,fetuses[].anatomy[].detail[].label,Cerebellum,str,coded_text,Cerebellum,5/5,,,,,,,,
anatomy_general,fetuses[].anatomy[].detail[].label,Cervical Spine,str,coded_text,Cervical Spine,5/5,,,,,,,,
anatomy_general,fetuses[].anatomy[].detail[].label,Choroid Plexus,str,coded_text,Choroid Plexus,5/5,,,,,,,,
anatomy_general,fetuses[].anatomy[].detail[].label,Cisterna Magna,str,coded_text,Cisterna Magna,5/5,,,,,,,,
anatomy_general,fetuses[].anatomy[].detail[].label,Diaphragm,str,coded_text,Diaphragm,5/5,,,,,,,,
anatomy_general,fetuses[].anatomy[].detail[].label,Distal Left Outflow,str,coded_text,Distal Left Outflow,5/5,,,,,,,,
anatomy_general,fetuses[].anatomy[].detail[].label,Distal Right Outflow,str,coded_text,Distal Right Outflow,5/5,,,,,,,,
anatomy_general,fetuses[].anatomy[].detail[].label,Face,str,coded_text,Face,5/5,,,,,,,,
anatomy_general,fetuses[].anatomy[].detail[].label,Four Chamber View,str,coded_text,Four Chamber View,5/5,,,,,,,,
anatomy_general,fetuses[].anatomy[].detail[].label,Gall Bladder,str,coded_text,Gall Bladder,5/5,,,,,,,,
anatomy_general,fetuses[].anatomy[].detail[].label,IVC,str,coded_text,IVC,5/5,,,,,,,,
anatomy_general,fetuses[].anatomy[].detail[].label,Interatrial Septum,str,coded_text,Interatrial Septum,5/5,,,,,,,,
anatomy_general,fetuses[].anatomy[].detail[].label,Interventricular Septum,str,coded_text,Interventricular Septum,5/5,,,,,,,,
anatomy_general,fetuses[].anatomy[].detail[].label,Lateral Ventricles,str,coded_text,Lateral Ventricles,5/5,,,,,,,,
anatomy_general,fetuses[].anatomy[].detail[].label,Liver,str,coded_text,Liver,5/5,,,,,,,,
anatomy_general,fetuses[].anatomy[].detail[].label,Lt Femur,str,coded_text,Lt Femur,5/5,,,,,,,,
anatomy_general,fetuses[].anatomy[].detail[].label,Lt Fingers,str,coded_text,Lt Fingers,5/5,,,,,,,,
anatomy_general,fetuses[].anatomy[].detail[].label,Lt Foot,str,coded_text,Lt Foot,5/5,,,,,,,,
anatomy_general,fetuses[].anatomy[].detail[].label,Lt Forearm,str,coded_text,Lt Forearm,5/5,,,,,,,,
anatomy_general,fetuses[].anatomy[].detail[].label,Lt Hand,str,coded_text,Lt Hand,5/5,,,,,,,,
anatomy_general,fetuses[].anatomy[].detail[].label,Lt Humerus,str,coded_text,Lt Humerus,5/5,,,,,,,,
anatomy_general,fetuses[].anatomy[].detail[].label,Lt Low Leg,str,coded_text,Lt Low Leg,5/5,,,,,,,,
anatomy_general,fetuses[].anatomy[].detail[].label,Lt Toes,str,coded_text,Lt Toes,5/5,,,,,,,,
anatomy_general,fetuses[].anatomy[].detail[].label,Lumbar Spine,str,coded_text,Lumbar Spine,5/5,,,,,,,,
anatomy_general,fetuses[].anatomy[].detail[].label,Lungs,str,coded_text,Lungs,5/5,,,,,,,,
anatomy_general,fetuses[].anatomy[].detail[].label,Neck,str,coded_text,Neck,5/5,,,,,,,,
anatomy_general,fetuses[].anatomy[].detail[].label,Nose/Lips,str,coded_text,Nose/Lips,5/5,,,,,,,,
anatomy_general,fetuses[].anatomy[].detail[].label,Nuchal Fold,str,coded_text,Nuchal Fold,5/5,,,,,,,,
anatomy_general,fetuses[].anatomy[].detail[].label,Orbits,str,coded_text,Orbits,5/5,,,,,,,,
anatomy_general,fetuses[].anatomy[].detail[].label,Palate,str,coded_text,Palate,5/5,,,,,,,,
anatomy_general,fetuses[].anatomy[].detail[].label,Profile,str,coded_text,Profile,5/5,,,,,,,,
anatomy_general,fetuses[].anatomy[].detail[].label,Proximal Left Outflow,str,coded_text,Proximal Left Outflow,5/5,,,,,,,,
anatomy_general,fetuses[].anatomy[].detail[].label,Proximal Right Outflow,str,coded_text,Proximal Right Outflow,5/5,,,,,,,,
anatomy_general,fetuses[].anatomy[].detail[].label,Rt Femur,str,coded_text,Rt Femur,5/5,,,,,,,,
anatomy_general,fetuses[].anatomy[].detail[].label,Rt Fingers,str,coded_text,Rt Fingers,5/5,,,,,,,,
anatomy_general,fetuses[].anatomy[].detail[].label,Rt Foot,str,coded_text,Rt Foot,5/5,,,,,,,,
anatomy_general,fetuses[].anatomy[].detail[].label,Rt Forearm,str,coded_text,Rt Forearm,5/5,,,,,,,,
anatomy_general,fetuses[].anatomy[].detail[].label,Rt Hand,str,coded_text,Rt Hand,5/5,,,,,,,,
anatomy_general,fetuses[].anatomy[].detail[].label,Rt Humerus,str,coded_text,Rt Humerus,5/5,,,,,,,,
anatomy_general,fetuses[].anatomy[].detail[].label,Rt Low Leg,str,coded_text,Rt Low Leg,5/5,,,,,,,,
anatomy_general,fetuses[].anatomy[].detail[].label,Rt Toes,str,coded_text,Rt Toes,5/5,,,,,,,,
anatomy_general,fetuses[].anatomy[].detail[].label,SVC,str,coded_text,SVC,5/5,,,,,,,,
anatomy_general,fetuses[].anatomy[].detail[].label,Sacrum,str,coded_text,Sacrum,5/5,,,,,,,,
anatomy_general,fetuses[].anatomy[].detail[].label,Short Axis of Greater Vessels,str,coded_text,Short Axis of Greater Vessels,5/5,,,,,,,,
anatomy_general,fetuses[].anatomy[].detail[].label,Spleen,str,coded_text,Spleen,5/5,,,,,,,,
anatomy_general,fetuses[].anatomy[].detail[].label,Thoracic Spine,str,coded_text,Thoracic Spine,5/5,,,,,,,,
anatomy_general,fetuses[].anatomy[].detail[].print_in_report,BPD Level,int,integer,0|1,5/5,,,,,,,,
anatomy_general,fetuses[].anatomy[].detail[].print_in_report,Bowel,int,integer,0,5/5,,,,,,,,
anatomy_general,fetuses[].anatomy[].detail[].print_in_report,Calvarium,int,integer,0|1,5/5,,,,,,,,
anatomy_general,fetuses[].anatomy[].detail[].print_in_report,Cardiac Axis,int,integer,1|0,5/5,,,,,,,,
anatomy_general,fetuses[].anatomy[].detail[].print_in_report,Cardiac Position,int,integer,1|0,5/5,,,,,,,,
anatomy_general,fetuses[].anatomy[].detail[].print_in_report,Cerebellum,int,integer,1|0,5/5,,,,,,,,
anatomy_general,fetuses[].anatomy[].detail[].print_in_report,Cervical Spine,int,integer,1|0,5/5,,,,,,,,
anatomy_general,fetuses[].anatomy[].detail[].print_in_report,Choroid Plexus,int,integer,0|1,5/5,,,,,,,,
anatomy_general,fetuses[].anatomy[].detail[].print_in_report,Cisterna Magna,int,integer,0|1,5/5,,,,,,,,
anatomy_general,fetuses[].anatomy[].detail[].print_in_report,Diaphragm,int,integer,1|0,5/5,,,,,,,,
anatomy_general,fetuses[].anatomy[].detail[].print_in_report,Distal Left Outflow,int,integer,0,5/5,,,,,,,,
anatomy_general,fetuses[].anatomy[].detail[].print_in_report,Distal Right Outflow,int,integer,0,5/5,,,,,,,,
anatomy_general,fetuses[].anatomy[].detail[].print_in_report,Face,int,integer,1|0,5/5,,,,,,,,
anatomy_general,fetuses[].anatomy[].detail[].print_in_report,Four Chamber View,int,integer,1|0,5/5,,,,,,,,
anatomy_general,fetuses[].anatomy[].detail[].print_in_report,Gall Bladder,int,integer,0,5/5,,,,,,,,
anatomy_general,fetuses[].anatomy[].detail[].print_in_report,IVC,int,integer,0,5/5,,,,,,,,
anatomy_general,fetuses[].anatomy[].detail[].print_in_report,Interatrial Septum,int,integer,1|0,5/5,,,,,,,,
anatomy_general,fetuses[].anatomy[].detail[].print_in_report,Interventricular Septum,int,integer,1|0,5/5,,,,,,,,
anatomy_general,fetuses[].anatomy[].detail[].print_in_report,Lateral Ventricles,int,integer,0|1,5/5,,,,,,,,
anatomy_general,fetuses[].anatomy[].detail[].print_in_report,Liver,int,integer,0,5/5,,,,,,,,
anatomy_general,fetuses[].anatomy[].detail[].print_in_report,Lt Femur,int,integer,1|0,5/5,,,,,,,,
anatomy_general,fetuses[].anatomy[].detail[].print_in_report,Lt Fingers,int,integer,0,5/5,,,,,,,,
anatomy_general,fetuses[].anatomy[].detail[].print_in_report,Lt Foot,int,integer,1|0,5/5,,,,,,,,
anatomy_general,fetuses[].anatomy[].detail[].print_in_report,Lt Forearm,int,integer,1|0,5/5,,,,,,,,
anatomy_general,fetuses[].anatomy[].detail[].print_in_report,Lt Hand,int,integer,1|0,5/5,,,,,,,,
anatomy_general,fetuses[].anatomy[].detail[].print_in_report,Lt Humerus,int,integer,1|0,5/5,,,,,,,,
anatomy_general,fetuses[].anatomy[].detail[].print_in_report,Lt Low Leg,int,integer,1|0,5/5,,,,,,,,
anatomy_general,fetuses[].anatomy[].detail[].print_in_report,Lt Toes,int,integer,0,5/5,,,,,,,,
anatomy_general,fetuses[].anatomy[].detail[].print_in_report,Lumbar Spine,int,integer,1|0,5/5,,,,,,,,
anatomy_general,fetuses[].anatomy[].detail[].print_in_report,Lungs,int,integer,0,5/5,,,,,,,,
anatomy_general,fetuses[].anatomy[].detail[].print_in_report,Neck,int,integer,1|0,5/5,,,,,,,,
anatomy_general,fetuses[].anatomy[].detail[].print_in_report,Nose/Lips,int,integer,1|0,5/5,,,,,,,,
anatomy_general,fetuses[].anatomy[].detail[].print_in_report,Nuchal Fold,int,integer,1|0,5/5,,,,,,,,
anatomy_general,fetuses[].anatomy[].detail[].print_in_report,Orbits,int,integer,1|0,5/5,,,,,,,,
anatomy_general,fetuses[].anatomy[].detail[].print_in_report,Palate,int,integer,1|0,5/5,,,,,,,,
anatomy_general,fetuses[].anatomy[].detail[].print_in_report,Profile,int,integer,1|0,5/5,,,,,,,,
anatomy_general,fetuses[].anatomy[].detail[].print_in_report,Proximal Left Outflow,int,integer,1|0,5/5,,,,,,,,
anatomy_general,fetuses[].anatomy[].detail[].print_in_report,Proximal Right Outflow,int,integer,1|0,5/5,,,,,,,,
anatomy_general,fetuses[].anatomy[].detail[].print_in_report,Rt Femur,int,integer,1|0,5/5,,,,,,,,
anatomy_general,fetuses[].anatomy[].detail[].print_in_report,Rt Fingers,int,integer,0,5/5,,,,,,,,
anatomy_general,fetuses[].anatomy[].detail[].print_in_report,Rt Foot,int,integer,1|0,5/5,,,,,,,,
anatomy_general,fetuses[].anatomy[].detail[].print_in_report,Rt Forearm,int,integer,1|0,5/5,,,,,,,,
anatomy_general,fetuses[].anatomy[].detail[].print_in_report,Rt Hand,int,integer,1|0,5/5,,,,,,,,
anatomy_general,fetuses[].anatomy[].detail[].print_in_report,Rt Humerus,int,integer,1|0,5/5,,,,,,,,
anatomy_general,fetuses[].anatomy[].detail[].print_in_report,Rt Low Leg,int,integer,1|0,5/5,,,,,,,,
anatomy_general,fetuses[].anatomy[].detail[].print_in_report,Rt Toes,int,integer,0,5/5,,,,,,,,
anatomy_general,fetuses[].anatomy[].detail[].print_in_report,SVC,int,integer,0|1,5/5,,,,,,,,
anatomy_general,fetuses[].anatomy[].detail[].print_in_report,Sacrum,int,integer,1|0,5/5,,,,,,,,
anatomy_general,fetuses[].anatomy[].detail[].print_in_report,Short Axis of Greater Vessels,int,integer,1|0,5/5,,,,,,,,
anatomy_general,fetuses[].anatomy[].detail[].print_in_report,Spleen,int,integer,0,5/5,,,,,,,,
anatomy_general,fetuses[].anatomy[].detail[].print_in_report,Thoracic Spine,int,integer,1|0,5/5,,,,,,,,
anatomy_general,fetuses[].anatomy[].detail[].required,BPD Level,str,coded_text,No,5/5,,,,,,,,
anatomy_general,fetuses[].anatomy[].detail[].required,Bowel,str,coded_text,No,5/5,,,,,,,,
anatomy_general,fetuses[].anatomy[].detail[].required,Calvarium,str,coded_text,No,5/5,,,,,,,,
anatomy_general,fetuses[].anatomy[].detail[].required,Cardiac Axis,str,coded_text,No,5/5,,,,,,,,
anatomy_general,fetuses[].anatomy[].detail[].required,Cardiac Position,str,coded_text,No,5/5,,,,,,,,
anatomy_general,fetuses[].anatomy[].detail[].required,Cerebellum,str,coded_text,No,5/5,,,,,,,,
anatomy_general,fetuses[].anatomy[].detail[].required,Cervical Spine,str,coded_text,No,5/5,,,,,,,,
anatomy_general,fetuses[].anatomy[].detail[].required,Choroid Plexus,str,coded_text,No,5/5,,,,,,,,
anatomy_general,fetuses[].anatomy[].detail[].required,Cisterna Magna,str,coded_text,No,5/5,,,,,,,,
anatomy_general,fetuses[].anatomy[].detail[].required,Diaphragm,str,coded_text,No,5/5,,,,,,,,
anatomy_general,fetuses[].anatomy[].detail[].required,Distal Left Outflow,str,coded_text,No,5/5,,,,,,,,
anatomy_general,fetuses[].anatomy[].detail[].required,Distal Right Outflow,str,coded_text,No,5/5,,,,,,,,
anatomy_general,fetuses[].anatomy[].detail[].required,Face,str,coded_text,No,5/5,,,,,,,,
anatomy_general,fetuses[].anatomy[].detail[].required,Four Chamber View,str,coded_text,No,5/5,,,,,,,,
anatomy_general,fetuses[].anatomy[].detail[].required,Gall Bladder,str,coded_text,No,5/5,,,,,,,,
anatomy_general,fetuses[].anatomy[].detail[].required,IVC,str,coded_text,No,5/5,,,,,,,,
anatomy_general,fetuses[].anatomy[].detail[].required,Interatrial Septum,str,coded_text,No,5/5,,,,,,,,
anatomy_general,fetuses[].anatomy[].detail[].required,Interventricular Septum,str,coded_text,No,5/5,,,,,,,,
anatomy_general,fetuses[].anatomy[].detail[].required,Lateral Ventricles,str,coded_text,No,5/5,,,,,,,,
anatomy_general,fetuses[].anatomy[].detail[].required,Liver,str,coded_text,No,5/5,,,,,,,,
anatomy_general,fetuses[].anatomy[].detail[].required,Lt Femur,str,coded_text,No,5/5,,,,,,,,
anatomy_general,fetuses[].anatomy[].detail[].required,Lt Fingers,str,coded_text,No,5/5,,,,,,,,
anatomy_general,fetuses[].anatomy[].detail[].required,Lt Foot,str,coded_text,No,5/5,,,,,,,,
anatomy_general,fetuses[].anatomy[].detail[].required,Lt Forearm,str,coded_text,No,5/5,,,,,,,,
anatomy_general,fetuses[].anatomy[].detail[].required,Lt Hand,str,coded_text,No,5/5,,,,,,,,
anatomy_general,fetuses[].anatomy[].detail[].required,Lt Humerus,str,coded_text,No,5/5,,,,,,,,
anatomy_general,fetuses[].anatomy[].detail[].required,Lt Low Leg,str,coded_text,No,5/5,,,,,,,,
anatomy_general,fetuses[].anatomy[].detail[].required,Lt Toes,str,coded_text,No,5/5,,,,,,,,
anatomy_general,fetuses[].anatomy[].detail[].required,Lumbar Spine,str,coded_text,No,5/5,,,,,,,,
anatomy_general,fetuses[].anatomy[].detail[].required,Lungs,str,coded_text,No,5/5,,,,,,,,
anatomy_general,fetuses[].anatomy[].detail[].required,Neck,str,coded_text,No,5/5,,,,,,,,
anatomy_general,fetuses[].anatomy[].detail[].required,Nose/Lips,str,coded_text,No,5/5,,,,,,,,
anatomy_general,fetuses[].anatomy[].detail[].required,Nuchal Fold,str,coded_text,No,5/5,,,,,,,,
anatomy_general,fetuses[].anatomy[].detail[].required,Orbits,str,coded_text,No,5/5,,,,,,,,
anatomy_general,fetuses[].anatomy[].detail[].required,Palate,str,coded_text,No,5/5,,,,,,,,
anatomy_general,fetuses[].anatomy[].detail[].required,Profile,str,coded_text,No,5/5,,,,,,,,
anatomy_general,fetuses[].anatomy[].detail[].required,Proximal Left Outflow,str,coded_text,No,5/5,,,,,,,,
anatomy_general,fetuses[].anatomy[].detail[].required,Proximal Right Outflow,str,coded_text,No,5/5,,,,,,,,
anatomy_general,fetuses[].anatomy[].detail[].required,Rt Femur,str,coded_text,No,5/5,,,,,,,,
anatomy_general,fetuses[].anatomy[].detail[].required,Rt Fingers,str,coded_text,No,5/5,,,,,,,,
anatomy_general,fetuses[].anatomy[].detail[].required,Rt Foot,str,coded_text,No,5/5,,,,,,,,
anatomy_general,fetuses[].anatomy[].detail[].required,Rt Forearm,str,coded_text,No,5/5,,,,,,,,
anatomy_general,fetuses[].anatomy[].detail[].required,Rt Hand,str,coded_text,No,5/5,,,,,,,,
anatomy_general,fetuses[].anatomy[].detail[].required,Rt Humerus,str,coded_text,No,5/5,,,,,,,,
anatomy_general,fetuses[].anatomy[].detail[].required,Rt Low Leg,str,coded_text,No,5/5,,,,,,,,
anatomy_general,fetuses[].anatomy[].detail[].required,Rt Toes,str,coded_text,No,5/5,,,,,,,,
anatomy_general,fetuses[].anatomy[].detail[].required,SVC,str,coded_text,No,5/5,,,,,,,,
anatomy_general,fetuses[].anatomy[].detail[].required,Sacrum,str,coded_text,No,5/5,,,,,,,,
anatomy_general,fetuses[].anatomy[].detail[].required,Short Axis of Greater Vessels,str,coded_text,No,5/5,,,,,,,,
anatomy_general,fetuses[].anatomy[].detail[].required,Spleen,str,coded_text,No,5/5,,,,,,,,
anatomy_general,fetuses[].anatomy[].detail[].required,Thoracic Spine,str,coded_text,No,5/5,,,,,,,,
anatomy_general,fetuses[].anatomy[].detail[].required_condition_met,BPD Level,str,coded_text,No,5/5,,,,,,,,
anatomy_general,fetuses[].anatomy[].detail[].required_condition_met,Calvarium,str,coded_text,No,5/5,,,,,,,,
anatomy_general,fetuses[].anatomy[].detail[].required_condition_met,Cerebellum,str,coded_text,No,5/5,,,,,,,,
anatomy_general,fetuses[].anatomy[].detail[].required_condition_met,Choroid Plexus,str,coded_text,No,5/5,,,,,,,,
anatomy_general,fetuses[].anatomy[].detail[].required_condition_met,Cisterna Magna,str,coded_text,No,5/5,,,,,,,,
anatomy_general,fetuses[].anatomy[].detail[].required_condition_met,Lateral Ventricles,str,coded_text,No,5/5,,,,,,,,
anatomy_general,fetuses[].anatomy[].main.anat_state,Abd. Cav.,str,coded_text,Normal|Unseen,5/5,,,,,,,,
anatomy_general,fetuses[].anatomy[].main.anat_state,Abd. Wall,str,coded_text,Normal|Abnormal|Unseen,5/5,,,,,,,,
anatomy_general,fetuses[].anatomy[].main.anat_state,Bladder,str,coded_text,Normal|Unseen,5/5,,,,,,,,
anatomy_general,fetuses[].anatomy[].main.anat_state,Extrems,str,coded_text,Normal|See details|Unseen,5/5,,,,,,,,
anatomy_general,fetuses[].anatomy[].main.anat_state,Face/Neck,str,coded_text,Normal|Unseen,5/5,,,,,,,,
anatomy_general,fetuses[].anatomy[].main.anat_state,Genitalia,str,coded_text,Normal|Unseen,5/5,,,,,,,,
anatomy_general,fetuses[].anatomy[].main.anat_state,Head,str,coded_text,Abnormal|Normal,5/5,,,,,,,,
anatomy_general,fetuses[].anatomy[].main.anat_state,Heart,str,coded_text,Normal|See details|Unseen|Abnormal,5/5,,,,,,,,
anatomy_general,fetuses[].anatomy[].main.anat_state,Left Kidney,str,coded_text,Normal|Unseen,5/5,,,,,,,,
anatomy_general,fetuses[].anatomy[].main.anat_state,PCI,str,coded_text,Normal|Unseen,5/5,,,,,,,,
anatomy_general,fetuses[].anatomy[].main.anat_state,Placenta,str,coded_text,Normal|Unseen,5/5,,,,,,,,
anatomy_general,fetuses[].anatomy[].main.anat_state,Right Kidney,str,coded_text,Normal|Abnormal|Unseen,5/5,,,,,,,,
anatomy_general,fetuses[].anatomy[].main.anat_state,Spine,str,coded_text,Normal|Unseen,5/5,,,,,,,,
anatomy_general,fetuses[].anatomy[].main.anat_state,Stomach,str,coded_text,Normal|Unseen,5/5,,,,,,,,
anatomy_general,fetuses[].anatomy[].main.anat_state,Th. Cav.,str,coded_text,Normal|Unseen,5/5,,,,,,,,
anatomy_general,fetuses[].anatomy[].main.anat_state,Umbl. Cord,str,coded_text,Normal|Unseen,5/5,,,,,,,,
anatomy_general,fetuses[].anatomy[].main.label,Abd. Cav.,str,coded_text,Abd. Cav.,5/5,,,,,,,,
anatomy_general,fetuses[].anatomy[].main.label,Abd. Wall,str,coded_text,Abd. Wall,5/5,,,,,,,,
anatomy_general,fetuses[].anatomy[].main.label,Bladder,str,coded_text,Bladder,5/5,,,,,,,,
anatomy_general,fetuses[].anatomy[].main.label,Extrems,str,coded_text,Extrems,5/5,,,,,,,,
anatomy_general,fetuses[].anatomy[].main.label,Face/Neck,str,coded_text,Face/Neck,5/5,,,,,,,,
anatomy_general,fetuses[].anatomy[].main.label,Genitalia,str,coded_text,Genitalia,5/5,,,,,,,,
anatomy_general,fetuses[].anatomy[].main.label,Head,str,coded_text,Head,5/5,,,,,,,,
anatomy_general,fetuses[].anatomy[].main.label,Heart,str,coded_text,Heart,5/5,,,,,,,,
anatomy_general,fetuses[].anatomy[].main.label,Left Kidney,str,coded_text,Left Kidney,5/5,,,,,,,,
anatomy_general,fetuses[].anatomy[].main.label,PCI,str,coded_text,PCI,5/5,,,,,,,,
anatomy_general,fetuses[].anatomy[].main.label,Placenta,str,coded_text,Placenta,5/5,,,,,,,,
anatomy_general,fetuses[].anatomy[].main.label,Right Kidney,str,coded_text,Right Kidney,5/5,,,,,,,,
anatomy_general,fetuses[].anatomy[].main.label,Spine,str,coded_text,Spine,5/5,,,,,,,,
anatomy_general,fetuses[].anatomy[].main.label,Stomach,str,coded_text,Stomach,5/5,,,,,,,,
anatomy_general,fetuses[].anatomy[].main.label,Th. Cav.,str,coded_text,Th. Cav.,5/5,,,,,,,,
anatomy_general,fetuses[].anatomy[].main.label,Umbl. Cord,str,coded_text,Umbl. Cord,5/5,,,,,,,,
anatomy_general,fetuses[].anatomy[].main.main_txt,Abd. Cav.,str,coded_text,The abdominal cavity appears normal.|The abdominal cavity was not assessed.,5/5,,,,,,,,
anatomy_general,fetuses[].anatomy[].main.main_txt,Abd. Wall,str,coded_text,The abdominal wall appears intact.|Abnormal abdominal wall: please see the anatomy comments for further details.|The abdominal wall was not visualized due to fetal position.,5/5,,,,,,,,
anatomy_general,fetuses[].anatomy[].main.main_txt,Bladder,str,coded_text,The fetal bladder appears normal.|The fetal bladder was not assessed on today's exam.,5/5,,,,,,,,
anatomy_general,fetuses[].anatomy[].main.main_txt,Extrems,str,coded_text|empty|free_text,Active movement of the extremities was seen and fetal body motion was also observed during this examination.|The fetal extremities were not assessed on today's exam.,5/5,,,,,,,,
anatomy_general,fetuses[].anatomy[].main.main_txt,Face/Neck,str,coded_text,The fetal face appears normal.|The fetal face was not assessed on today's exam.,5/5,,,,,,,,
anatomy_general,fetuses[].anatomy[].main.main_txt,Genitalia,str,coded_text,Normal <gender> genitalia.|The genitalia were not observed during this examination due to fetal position.,5/5,,,,,,,,
anatomy_general,fetuses[].anatomy[].main.main_txt,Head,str,free_text,"Abnormalities in the head were noted during this scan; please see the anatomy comments.|The fetal cranium appeared normal in shape. The choroid plexus was well visualized, the lateral ventricles were not dilated and the midline structures were not deviated. The cerebellum and cisterna magna were visualized and appeared normal.",5/5,,,,,,,,
anatomy_general,fetuses[].anatomy[].main.main_txt,Heart,str,coded_text|empty|free_text,"The cardiac size and structures appeared sonographically normal at the four chamber view, and cardiac rhythm was regular.|The fetal heart was not assessed on today's exam.|Abnormal heart:  please see the anatomy comments for further details.",5/5,,,,,,,,
anatomy_general,fetuses[].anatomy[].main.main_txt,Left Kidney,str,coded_text|free_text,"The left kidney appears within normal limits with respect to size, collection systems, and parenchyma.|The left kidney was not observed during this exam.",5/5,,,,,,,,
anatomy_general,fetuses[].anatomy[].main.main_txt,PCI,str,empty,,5/5,,,,,,,,
anatomy_general,fetuses[].anatomy[].main.main_txt,Placenta,str,coded_text,The placenta appears within normal limits.|The placenta was not evaluated on today's exam.,5/5,,,,,,,,
anatomy_general,fetuses[].anatomy[].main.main_txt,Right Kidney,str,coded_text|free_text,"The right kidney appears within normal limits with respect to size, collection systems, and parenchyma.|Abnormalities were noted in the right kidney:  please see the anatomy comments for further details.|The right kidney was not observed during this exam.",5/5,,,,,,,,
anatomy_general,fetuses[].anatomy[].main.main_txt,Spine,str,coded_text|free_text,"The spine was visualized from cervical to sacral region, within the resolution of the ultrasound equipment, without evidence of a neural tube defect.|The fetal spine was not visualized on today's exam due to fetal position.",5/5,,,,,,,,
anatomy_general,fetuses[].anatomy[].main.main_txt,Stomach,str,coded_text,The fetal stomach appears normal.|The fetal stomach was not assessed on today's exam.,5/5,,,,,,,,
anatomy_general,fetuses[].anatomy[].main.main_txt,Th. Cav.,str,coded_text,Anatomy of the fetal thorax appeared within normal limits.|The thoracic cavity was not evaluated for this exam due to fetal position.,5/5,,,,,,,,
anatomy_general,fetuses[].anatomy[].main.main_txt,Umbl. Cord,str,coded_text,There is a 3 vessel cord with normal insertion site.|The 3-vessel umbilical cord insertion was not visualized due to fetal position.,5/5,,,,,,,,
anatomy_general,fetuses[].anatomy[].main.print_in_report,Abd. Cav.,int,integer,1|0,5/5,,,,,,,,
anatomy_general,fetuses[].anatomy[].main.print_in_report,Abd. Wall,int,integer,1|0,5/5,,,,,,,,
anatomy_general,fetuses[].anatomy[].main.print_in_report,Bladder,int,integer,1|0,5/5,,,,,,,,
anatomy_general,fetuses[].anatomy[].main.print_in_report,Extrems,int,integer,1|0,5/5,,,,,,,,
anatomy_general,fetuses[].anatomy[].main.print_in_report,Face/Neck,int,integer,1|0,5/5,,,,,,,,
anatomy_general,fetuses[].anatomy[].main.print_in_report,Genitalia,int,integer,1|0,5/5,,,,,,,,
anatomy_general,fetuses[].anatomy[].main.print_in_report,Head,int,integer,1,5/5,,,,,,,,
anatomy_general,fetuses[].anatomy[].main.print_in_report,Heart,int,integer,1|0,5/5,,,,,,,,
anatomy_general,fetuses[].anatomy[].main.print_in_report,Left Kidney,int,integer,1|0,5/5,,,,,,,,
anatomy_general,fetuses[].anatomy[].main.print_in_report,PCI,int,integer,1|0,5/5,,,,,,,,
anatomy_general,fetuses[].anatomy[].main.print_in_report,Placenta,int,integer,1|0,5/5,,,,,,,,
anatomy_general,fetuses[].anatomy[].main.print_in_report,Right Kidney,int,integer,1|0,5/5,,,,,,,,
anatomy_general,fetuses[].anatomy[].main.print_in_report,Spine,int,integer,1|0,5/5,,,,,,,,
anatomy_general,fetuses[].anatomy[].main.print_in_report,Stomach,int,integer,1|0,5/5,,,,,,,,
anatomy_general,fetuses[].anatomy[].main.print_in_report,Th. Cav.,int,integer,1|0,5/5,,,,,,,,
anatomy_general,fetuses[].anatomy[].main.print_in_report,Umbl. Cord,int,integer,1|0,5/5,,,,,,,,
anatomy_general,fetuses[].anatomy[].main.required,Abd. Cav.,str,coded_text,No,5/5,,,,,,,,
anatomy_general,fetuses[].anatomy[].main.required,Abd. Wall,str,coded_text,No,5/5,,,,,,,,
anatomy_general,fetuses[].anatomy[].main.required,Bladder,str,coded_text,No,5/5,,,,,,,,
anatomy_general,fetuses[].anatomy[].main.required,Extrems,str,coded_text,No,5/5,,,,,,,,
anatomy_general,fetuses[].anatomy[].main.required,Face/Neck,str,coded_text,No,5/5,,,,,,,,
anatomy_general,fetuses[].anatomy[].main.required,Genitalia,str,coded_text,No,5/5,,,,,,,,
anatomy_general,fetuses[].anatomy[].main.required,Head,str,coded_text,Yes,5/5,,,,,,,,
anatomy_general,fetuses[].anatomy[].main.required,Heart,str,coded_text,No,5/5,,,,,,,,
anatomy_general,fetuses[].anatomy[].main.required,Left Kidney,str,coded_text,No,5/5,,,,,,,,
anatomy_general,fetuses[].anatomy[].main.required,PCI,str,coded_text,No,5/5,,,,,,,,
anatomy_general,fetuses[].anatomy[].main.required,Placenta,str,coded_text,No,5/5,,,,,,,,
anatomy_general,fetuses[].anatomy[].main.required,Right Kidney,str,coded_text,No,5/5,,,,,,,,
anatomy_general,fetuses[].anatomy[].main.required,Spine,str,coded_text,No,5/5,,,,,,,,
anatomy_general,fetuses[].anatomy[].main.required,Stomach,str,coded_text,No,5/5,,,,,,,,
anatomy_general,fetuses[].anatomy[].main.required,Th. Cav.,str,coded_text,No,5/5,,,,,,,,
anatomy_general,fetuses[].anatomy[].main.required,Umbl. Cord,str,coded_text,No,5/5,,,,,,,,
anatomy_general,fetuses[].anatomy[].main.required_condition_met,Head,str,coded_text,Yes,5/5,,,,,,,,
cardiac,fetuses[].dm_echo.aortic_root_diameter.biventricular_inner_fractional_shortening,,int,integer,0,5/5,,,,,,,,
cardiac,fetuses[].dm_echo.aortic_root_diameter.biventricular_outer_fractional_shortening,,int,integer,0,5/5,,,,,,,,
cardiac,fetuses[].dm_echo.aortic_root_diameter.comment.formatted_text,,str,empty,,5/5,,,,,,,,
cardiac,fetuses[].dm_echo.aortic_root_diameter.comment.plain_text,,str,empty,,5/5,,,,,,,,
cardiac,fetuses[].dm_echo.aortic_root_diameter.done,,int,integer,0,5/5,,,,,,,,
cardiac,fetuses[].dm_echo.aortic_root_diameter.inner_dimension_diastole,,int,integer,0,5/5,,,,,,,,
cardiac,fetuses[].dm_echo.aortic_root_diameter.inner_dimension_systole,,int,integer,0,5/5,,,,,,,,
cardiac,fetuses[].dm_echo.aortic_root_diameter.internal_dimension_diastole,,int,integer,0,5/5,,,,,,,,
cardiac,fetuses[].dm_echo.aortic_root_diameter.internal_dimension_systole,,int,integer,0,5/5,,,,,,,,
cardiac,fetuses[].dm_echo.aortic_root_diameter.outer_dimension_diastole,,int,integer,0,5/5,,,,,,,,
cardiac,fetuses[].dm_echo.aortic_root_diameter.outer_dimension_systole,,int,integer,0,5/5,,,,,,,,
cardiac,fetuses[].dm_echo.aortic_root_diameter.root_diameter,,int,integer,0,5/5,,,,,,,,
cardiac,fetuses[].dm_echo.aortic_root_diameter.wall_thickness_diastole,,int,integer,0,5/5,,,,,,,,
cardiac,fetuses[].dm_echo.aortic_root_diameter.wall_thickness_systole,,int,integer,0,5/5,,,,,,,,
cardiac,fetuses[].dm_echo.biventricular_dimensions.biventricular_inner_fractional_shortening,,int,integer,0,5/5,,,,,,,,
cardiac,fetuses[].dm_echo.biventricular_dimensions.biventricular_outer_fractional_shortening,,int,integer,0,5/5,,,,,,,,
cardiac,fetuses[].dm_echo.biventricular_dimensions.comment.formatted_text,,str,empty,,5/5,,,,,,,,
cardiac,fetuses[].dm_echo.biventricular_dimensions.comment.plain_text,,str,empty,,5/5,,,,,,,,
cardiac,fetuses[].dm_echo.biventricular_dimensions.done,,int,integer,0,5/5,,,,,,,,
cardiac,fetuses[].dm_echo.biventricular_dimensions.inner_dimension_diastole,,int,integer,0,5/5,,,,,,,,
cardiac,fetuses[].dm_echo.biventricular_dimensions.inner_dimension_systole,,int,integer,0,5/5,,,,,,,,
cardiac,fetuses[].dm_echo.biventricular_dimensions.internal_dimension_diastole,,int,integer,0,5/5,,,,,,,,
cardiac,fetuses[].dm_echo.biventricular_dimensions.internal_dimension_systole,,int,integer,0,5/5,,,,,,,,
cardiac,fetuses[].dm_echo.biventricular_dimensions.outer_dimension_diastole,,int,integer,0,5/5,,,,,,,,
cardiac,fetuses[].dm_echo.biventricular_dimensions.outer_dimension_systole,,int,integer,0,5/5,,,,,,,,
cardiac,fetuses[].dm_echo.biventricular_dimensions.root_diameter,,int,integer,0,5/5,,,,,,,,
cardiac,fetuses[].dm_echo.biventricular_dimensions.wall_thickness_diastole,,int,integer,0,5/5,,,,,,,,
cardiac,fetuses[].dm_echo.biventricular_dimensions.wall_thickness_systole,,int,integer,0,5/5,,,,,,,,
cardiac,fetuses[].dm_echo.interventricular_septum.biventricular_inner_fractional_shortening,,int,integer,0,5/5,,,,,,,,
cardiac,fetuses[].dm_echo.interventricular_septum.biventricular_outer_fractional_shortening,,int,integer,0,5/5,,,,,,,,
cardiac,fetuses[].dm_echo.interventricular_septum.comment.formatted_text,,str,empty,,5/5,,,,,,,,
cardiac,fetuses[].dm_echo.interventricular_septum.comment.plain_text,,str,empty,,5/5,,,,,,,,
cardiac,fetuses[].dm_echo.interventricular_septum.done,,int,integer,0,5/5,,,,,,,,
cardiac,fetuses[].dm_echo.interventricular_septum.inner_dimension_diastole,,int,integer,0,5/5,,,,,,,,
cardiac,fetuses[].dm_echo.interventricular_septum.inner_dimension_systole,,int,integer,0,5/5,,,,,,,,
cardiac,fetuses[].dm_echo.interventricular_septum.internal_dimension_diastole,,int,integer,0,5/5,,,,,,,,
cardiac,fetuses[].dm_echo.interventricular_septum.internal_dimension_systole,,int,integer,0,5/5,,,,,,,,
cardiac,fetuses[].dm_echo.interventricular_septum.outer_dimension_diastole,,int,integer,0,5/5,,,,,,,,
cardiac,fetuses[].dm_echo.interventricular_septum.outer_dimension_systole,,int,integer,0,5/5,,,,,,,,
cardiac,fetuses[].dm_echo.interventricular_septum.root_diameter,,int,integer,0,5/5,,,,,,,,
cardiac,fetuses[].dm_echo.interventricular_septum.wall_thickness_diastole,,int,integer,0,5/5,,,,,,,,
cardiac,fetuses[].dm_echo.interventricular_septum.wall_thickness_systole,,int,integer,0,5/5,,,,,,,,
cardiac,fetuses[].dm_echo.left_ventricle.biventricular_inner_fractional_shortening,,int,integer,0,5/5,,,,,,,,
cardiac,fetuses[].dm_echo.left_ventricle.biventricular_outer_fractional_shortening,,int,integer,0,5/5,,,,,,,,
cardiac,fetuses[].dm_echo.left_ventricle.comment.formatted_text,,str,empty,,5/5,,,,,,,,
cardiac,fetuses[].dm_echo.left_ventricle.comment.plain_text,,str,empty,,5/5,,,,,,,,
cardiac,fetuses[].dm_echo.left_ventricle.done,,int,integer,0,5/5,,,,,,,,
cardiac,fetuses[].dm_echo.left_ventricle.inner_dimension_diastole,,int,integer,0,5/5,,,,,,,,
cardiac,fetuses[].dm_echo.left_ventricle.inner_dimension_systole,,int,integer,0,5/5,,,,,,,,
cardiac,fetuses[].dm_echo.left_ventricle.internal_dimension_diastole,,int,integer,0,5/5,,,,,,,,
cardiac,fetuses[].dm_echo.left_ventricle.internal_dimension_systole,,int,integer,0,5/5,,,,,,,,
cardiac,fetuses[].dm_echo.left_ventricle.outer_dimension_diastole,,int,integer,0,5/5,,,,,,,,
cardiac,fetuses[].dm_echo.left_ventricle.outer_dimension_systole,,int,integer,0,5/5,,,,,,,,
cardiac,fetuses[].dm_echo.left_ventricle.root_diameter,,int,integer,0,5/5,,,,,,,,
cardiac,fetuses[].dm_echo.left_ventricle.wall_thickness_diastole,,int,integer,0,5/5,,,,,,,,
cardiac,fetuses[].dm_echo.left_ventricle.wall_thickness_systole,,int,integer,0,5/5,,,,,,,,
cardiac,fetuses[].dm_echo.left_ventricular.biventricular_inner_fractional_shortening,,int,integer,0,5/5,,,,,,,,
cardiac,fetuses[].dm_echo.left_ventricular.biventricular_outer_fractional_shortening,,int,integer,0,5/5,,,,,,,,
cardiac,fetuses[].dm_echo.left_ventricular.comment.formatted_text,,str,empty,,5/5,,,,,,,,
cardiac,fetuses[].dm_echo.left_ventricular.comment.plain_text,,str,empty,,5/5,,,,,,,,
cardiac,fetuses[].dm_echo.left_ventricular.done,,int,integer,0,5/5,,,,,,,,
cardiac,fetuses[].dm_echo.left_ventricular.inner_dimension_diastole,,int,integer,0,5/5,,,,,,,,
cardiac,fetuses[].dm_echo.left_ventricular.inner_dimension_systole,,int,integer,0,5/5,,,,,,,,
cardiac,fetuses[].dm_echo.left_ventricular.internal_dimension_diastole,,int,integer,0,5/5,,,,,,,,
cardiac,fetuses[].dm_echo.left_ventricular.internal_dimension_systole,,int,integer,0,5/5,,,,,,,,
cardiac,fetuses[].dm_echo.left_ventricular.outer_dimension_diastole,,int,integer,0,5/5,,,,,,,,
cardiac,fetuses[].dm_echo.left_ventricular.outer_dimension_systole,,int,integer,0,5/5,,,,,,,,
cardiac,fetuses[].dm_echo.left_ventricular.root_diameter,,int,integer,0,5/5,,,,,,,,
cardiac,fetuses[].dm_echo.left_ventricular.wall_thickness_diastole,,int,integer,0,5/5,,,,,,,,
cardiac,fetuses[].dm_echo.left_ventricular.wall_thickness_systole,,int,integer,0,5/5,,,,,,,,
cardiac,fetuses[].dm_echo.pulmonary_root_diameter.biventricular_inner_fractional_shortening,,int,integer,0,5/5,,,,,,,,
cardiac,fetuses[].dm_echo.pulmonary_root_diameter.biventricular_outer_fractional_shortening,,int,integer,0,5/5,,,,,,,,
cardiac,fetuses[].dm_echo.pulmonary_root_diameter.comment.formatted_text,,str,empty,,5/5,,,,,,,,
cardiac,fetuses[].dm_echo.pulmonary_root_diameter.comment.plain_text,,str,empty,,5/5,,,,,,,,
cardiac,fetuses[].dm_echo.pulmonary_root_diameter.done,,int,integer,0,5/5,,,,,,,,
cardiac,fetuses[].dm_echo.pulmonary_root_diameter.inner_dimension_diastole,,int,integer,0,5/5,,,,,,,,
cardiac,fetuses[].dm_echo.pulmonary_root_diameter.inner_dimension_systole,,int,integer,0,5/5,,,,,,,,
cardiac,fetuses[].dm_echo.pulmonary_root_diameter.internal_dimension_diastole,,int,integer,0,5/5,,,,,,,,
cardiac,fetuses[].dm_echo.pulmonary_root_diameter.internal_dimension_systole,,int,integer,0,5/5,,,,,,,,
cardiac,fetuses[].dm_echo.pulmonary_root_diameter.outer_dimension_diastole,,int,integer,0,5/5,,,,,,,,
cardiac,fetuses[].dm_echo.pulmonary_root_diameter.outer_dimension_systole,,int,integer,0,5/5,,,,,,,,
cardiac,fetuses[].dm_echo.pulmonary_root_diameter.root_diameter,,int,integer,0,5/5,,,,,,,,
cardiac,fetuses[].dm_echo.pulmonary_root_diameter.wall_thickness_diastole,,int,integer,0,5/5,,,,,,,,
cardiac,fetuses[].dm_echo.pulmonary_root_diameter.wall_thickness_systole,,int,integer,0,5/5,,,,,,,,
cardiac,fetuses[].dm_echo.right_ventricle.biventricular_inner_fractional_shortening,,int,integer,0,5/5,,,,,,,,
cardiac,fetuses[].dm_echo.right_ventricle.biventricular_outer_fractional_shortening,,int,integer,0,5/5,,,,,,,,
cardiac,fetuses[].dm_echo.right_ventricle.comment.formatted_text,,str,empty,,5/5,,,,,,,,
cardiac,fetuses[].dm_echo.right_ventricle.comment.plain_text,,str,empty,,5/5,,,,,,,,
cardiac,fetuses[].dm_echo.right_ventricle.done,,int,integer,0,5/5,,,,,,,,
cardiac,fetuses[].dm_echo.right_ventricle.inner_dimension_diastole,,int,integer,0,5/5,,,,,,,,
cardiac,fetuses[].dm_echo.right_ventricle.inner_dimension_systole,,int,integer,0,5/5,,,,,,,,
cardiac,fetuses[].dm_echo.right_ventricle.internal_dimension_diastole,,int,integer,0,5/5,,,,,,,,
cardiac,fetuses[].dm_echo.right_ventricle.internal_dimension_systole,,int,integer,0,5/5,,,,,,,,
cardiac,fetuses[].dm_echo.right_ventricle.outer_dimension_diastole,,int,integer,0,5/5,,,,,,,,
cardiac,fetuses[].dm_echo.right_ventricle.outer_dimension_systole,,int,integer,0,5/5,,,,,,,,
cardiac,fetuses[].dm_echo.right_ventricle.root_diameter,,int,integer,0,5/5,,,,,,,,
cardiac,fetuses[].dm_echo.right_ventricle.wall_thickness_diastole,,int,integer,0,5/5,,,,,,,,
cardiac,fetuses[].dm_echo.right_ventricle.wall_thickness_systole,,int,integer,0,5/5,,,,,,,,
cardiac,fetuses[].dm_echo.right_ventricular.biventricular_inner_fractional_shortening,,int,integer,0,5/5,,,,,,,,
cardiac,fetuses[].dm_echo.right_ventricular.biventricular_outer_fractional_shortening,,int,integer,0,5/5,,,,,,,,
cardiac,fetuses[].dm_echo.right_ventricular.comment.formatted_text,,str,empty,,5/5,,,,,,,,
cardiac,fetuses[].dm_echo.right_ventricular.comment.plain_text,,str,empty,,5/5,,,,,,,,
cardiac,fetuses[].dm_echo.right_ventricular.done,,int,integer,0,5/5,,,,,,,,
cardiac,fetuses[].dm_echo.right_ventricular.inner_dimension_diastole,,int,integer,0,5/5,,,,,,,,
cardiac,fetuses[].dm_echo.right_ventricular.inner_dimension_systole,,int,integer,0,5/5,,,,,,,,
cardiac,fetuses[].dm_echo.right_ventricular.internal_dimension_diastole,,int,integer,0,5/5,,,,,,,,
cardiac,fetuses[].dm_echo.right_ventricular.internal_dimension_systole,,int,integer,0,5/5,,,,,,,,
cardiac,fetuses[].dm_echo.right_ventricular.outer_dimension_diastole,,int,integer,0,5/5,,,,,,,,
cardiac,fetuses[].dm_echo.right_ventricular.outer_dimension_systole,,int,integer,0,5/5,,,,,,,,
cardiac,fetuses[].dm_echo.right_ventricular.root_diameter,,int,integer,0,5/5,,,,,,,,
cardiac,fetuses[].dm_echo.right_ventricular.wall_thickness_diastole,,int,integer,0,5/5,,,,,,,,
cardiac,fetuses[].dm_echo.right_ventricular.wall_thickness_systole,,int,integer,0,5/5,,,,,,,,
cardiac,fetuses[].fetal_echo_anatomy[].anomalies,,null,empty,,5/5,,,,,,,,
cardiac,fetuses[].fetal_echo_anatomy[].detail,,null,empty,,5/5,,,,,,,,
cardiac,fetuses[].fetal_echo_anatomy[].main.anat_state,3 Vessel view,str,coded_text,Unseen,5/5,,,,,,,,
cardiac,fetuses[].fetal_echo_anatomy[].main.anat_state,3 Vessel-trachea view,str,coded_text,Unseen,5/5,,,,,,,,
cardiac,fetuses[].fetal_echo_anatomy[].main.anat_state,4 chamber view apical,str,coded_text,Unseen,5/5,,,,,,,,
cardiac,fetuses[].fetal_echo_anatomy[].main.anat_state,4 chamber view subcostal,str,coded_text,Unseen,5/5,,,,,,,,
cardiac,fetuses[].fetal_echo_anatomy[].main.anat_state,Aortic Arch,str,coded_text,Unseen,5/5,OBX FetalEchocardiography.AorticArchDetails,Aortic arch,Aortic arch details,str (ST),coded_text,normal,2/7,
cardiac,fetuses[].fetal_echo_anatomy[].main.anat_state,Aortic valve,str,coded_text,Unseen,5/5,OBX HeartFetus.AorticValveDetails,Aortic valve,Aortic valve details,str (ST),coded_text,mild aortic regurgitation|normal size and morphology,2/7,
cardiac,fetuses[].fetal_echo_anatomy[].main.anat_state,Atrial septum,str,coded_text,Unseen,5/5,OBX HeartFetus.AtrialSeptumDetails,Atrial septum,Atrial septum details,str (ST),coded_text,"normal size and morphology|aneurysmal flap valve, normal size and morphology",2/7,
cardiac,fetuses[].fetal_echo_anatomy[].main.anat_state,Ductal Arch,str,coded_text,Unseen,5/5,OBX FetalEchocardiography.DuctusArteriosusDetails,Ductal arch,Ductal arch details,str (ST),coded_text,"normal|forward unaliased flow, normal",2/7,
cardiac,fetuses[].fetal_echo_anatomy[].main.anat_state,Ductus venosus,str,coded_text,Unseen,5/5,,,,,,,,
cardiac,fetuses[].fetal_echo_anatomy[].main.anat_state,Foramen ovale,str,coded_text,Unseen,5/5,OBX HeartFetus.ForamenOvaleDetails,Foramen ovale,Foramen ovale details,str (ST),coded_text,"normal (in the central third/half, flap valve in left atrium)",2/7,
cardiac,fetuses[].fetal_echo_anatomy[].main.anat_state,Inferior vena cava,str,coded_text,Unseen,5/5,OBX FetalEchocardiography.InferiorVenaCavaDetails,IVC,Inferior vena cava,str (ST),coded_text,normal,2/7,
cardiac,fetuses[].fetal_echo_anatomy[].main.anat_state,LVOT,str,coded_text,Unseen,5/5,,,,,,,,
cardiac,fetuses[].fetal_echo_anatomy[].main.anat_state,M-mode/rhythm,str,coded_text,Unseen,5/5,,,,,,,,
cardiac,fetuses[].fetal_echo_anatomy[].main.anat_state,Mitral valve,str,coded_text,Unseen,5/5,OBX HeartFetus.MitralValveDetails,Mitral valve,Mitral valve details,str (ST),coded_text,normal size and morphology,1/7,
cardiac,fetuses[].fetal_echo_anatomy[].main.anat_state,Pulmonary valve,str,coded_text,Unseen,5/5,OBX HeartFetus.PulmonaryValveDetails,Pulmonary valve,Pulmonary valve details,str (ST),coded_text,pulmonary stenosis|normal size and morphology,2/7,
cardiac,fetuses[].fetal_echo_anatomy[].main.anat_state,Pulmonary veins,str,coded_text,Unseen,5/5,OBX HeartFetus.PulmonaryVeinsDetails,Pulmonary veins,Pulmonary veins details,str (ST),coded_text,normal,2/7,
cardiac,fetuses[].fetal_echo_anatomy[].main.anat_state,RVOT,str,coded_text,Unseen,5/5,,,,,,,,
cardiac,fetuses[].fetal_echo_anatomy[].main.anat_state,Short Axis ventricles,str,coded_text,Unseen,5/5,,,,,,,,
cardiac,fetuses[].fetal_echo_anatomy[].main.anat_state,Short axis outflows,str,coded_text,Unseen,5/5,,,,,,,,
cardiac,fetuses[].fetal_echo_anatomy[].main.anat_state,Superior vena cava,str,coded_text,Unseen,5/5,OBX FetalEchocardiography.SuperiorVenaCavaDetails,SVC,Superior vena cava,str (ST),coded_text,normal,2/7,
cardiac,fetuses[].fetal_echo_anatomy[].main.anat_state,Tricuspid valve,str,coded_text,Unseen,5/5,OBX HeartFetus.TricuspidValveDetails,Tricuspid valve,Tricuspid valve details,str (ST),coded_text,"dysplasia, normal size and morphology",1/7,
cardiac,fetuses[].fetal_echo_anatomy[].main.anat_state,Umbilical artery,str,coded_text,Unseen,5/5,,,,,,,,
cardiac,fetuses[].fetal_echo_anatomy[].main.anat_state,Umbilical vein,str,coded_text,Unseen,5/5,,,,,,,,
cardiac,fetuses[].fetal_echo_anatomy[].main.anat_state,Ventricular septum,str,coded_text,Unseen,5/5,OBX HeartFetus.VentricularSeptumDetails,Ventricular septum,Ventricular septum details,str (ST),coded_text,intact,2/7,
cardiac,fetuses[].fetal_echo_anatomy[].main.anat_state,Visceral/abdominal situs,str,coded_text,Unseen,5/5,,,,,,,,
cardiac,fetuses[].fetal_echo_anatomy[].main.label,3 Vessel view,str,coded_text,3 Vessel view,5/5,,,,,,,,
cardiac,fetuses[].fetal_echo_anatomy[].main.label,3 Vessel-trachea view,str,coded_text,3 Vessel-trachea view,5/5,,,,,,,,
cardiac,fetuses[].fetal_echo_anatomy[].main.label,4 chamber view apical,str,coded_text,4 chamber view apical,5/5,,,,,,,,
cardiac,fetuses[].fetal_echo_anatomy[].main.label,4 chamber view subcostal,str,coded_text,4 chamber view subcostal,5/5,,,,,,,,
cardiac,fetuses[].fetal_echo_anatomy[].main.label,Aortic Arch,str,coded_text,Aortic Arch,5/5,,,,,,,,
cardiac,fetuses[].fetal_echo_anatomy[].main.label,Aortic valve,str,coded_text,Aortic valve,5/5,,,,,,,,
cardiac,fetuses[].fetal_echo_anatomy[].main.label,Atrial septum,str,coded_text,Atrial septum,5/5,,,,,,,,
cardiac,fetuses[].fetal_echo_anatomy[].main.label,Ductal Arch,str,coded_text,Ductal Arch,5/5,,,,,,,,
cardiac,fetuses[].fetal_echo_anatomy[].main.label,Ductus venosus,str,coded_text,Ductus venosus,5/5,,,,,,,,
cardiac,fetuses[].fetal_echo_anatomy[].main.label,Foramen ovale,str,coded_text,Foramen ovale,5/5,,,,,,,,
cardiac,fetuses[].fetal_echo_anatomy[].main.label,Inferior vena cava,str,coded_text,Inferior vena cava,5/5,,,,,,,,
cardiac,fetuses[].fetal_echo_anatomy[].main.label,LVOT,str,coded_text,LVOT,5/5,,,,,,,,
cardiac,fetuses[].fetal_echo_anatomy[].main.label,M-mode/rhythm,str,coded_text,M-mode/rhythm,5/5,,,,,,,,
cardiac,fetuses[].fetal_echo_anatomy[].main.label,Mitral valve,str,coded_text,Mitral valve,5/5,,,,,,,,
cardiac,fetuses[].fetal_echo_anatomy[].main.label,Pulmonary valve,str,coded_text,Pulmonary valve,5/5,,,,,,,,
cardiac,fetuses[].fetal_echo_anatomy[].main.label,Pulmonary veins,str,coded_text,Pulmonary veins,5/5,,,,,,,,
cardiac,fetuses[].fetal_echo_anatomy[].main.label,RVOT,str,coded_text,RVOT,5/5,,,,,,,,
cardiac,fetuses[].fetal_echo_anatomy[].main.label,Short Axis ventricles,str,coded_text,Short Axis ventricles,5/5,,,,,,,,
cardiac,fetuses[].fetal_echo_anatomy[].main.label,Short axis outflows,str,coded_text,Short axis outflows,5/5,,,,,,,,
cardiac,fetuses[].fetal_echo_anatomy[].main.label,Superior vena cava,str,coded_text,Superior vena cava,5/5,,,,,,,,
cardiac,fetuses[].fetal_echo_anatomy[].main.label,Tricuspid valve,str,coded_text,Tricuspid valve,5/5,,,,,,,,
cardiac,fetuses[].fetal_echo_anatomy[].main.label,Umbilical artery,str,coded_text,Umbilical artery,5/5,,,,,,,,
cardiac,fetuses[].fetal_echo_anatomy[].main.label,Umbilical vein,str,coded_text,Umbilical vein,5/5,,,,,,,,
cardiac,fetuses[].fetal_echo_anatomy[].main.label,Ventricular septum,str,coded_text,Ventricular septum,5/5,,,,,,,,
cardiac,fetuses[].fetal_echo_anatomy[].main.label,Visceral/abdominal situs,str,coded_text,Visceral/abdominal situs,5/5,,,,,,,,
cardiac,fetuses[].fetal_echo_anatomy[].main.main_txt,3 Vessel view,str,empty,,5/5,,,,,,,,
cardiac,fetuses[].fetal_echo_anatomy[].main.main_txt,3 Vessel-trachea view,str,empty,,5/5,,,,,,,,
cardiac,fetuses[].fetal_echo_anatomy[].main.main_txt,4 chamber view apical,str,empty,,5/5,,,,,,,,
cardiac,fetuses[].fetal_echo_anatomy[].main.main_txt,4 chamber view subcostal,str,empty,,5/5,,,,,,,,
cardiac,fetuses[].fetal_echo_anatomy[].main.main_txt,Aortic Arch,str,empty,,5/5,,,,,,,,
cardiac,fetuses[].fetal_echo_anatomy[].main.main_txt,Aortic valve,str,empty,,5/5,,,,,,,,
cardiac,fetuses[].fetal_echo_anatomy[].main.main_txt,Atrial septum,str,empty,,5/5,,,,,,,,
cardiac,fetuses[].fetal_echo_anatomy[].main.main_txt,Ductal Arch,str,empty,,5/5,,,,,,,,
cardiac,fetuses[].fetal_echo_anatomy[].main.main_txt,Ductus venosus,str,empty,,5/5,,,,,,,,
cardiac,fetuses[].fetal_echo_anatomy[].main.main_txt,Foramen ovale,str,empty,,5/5,,,,,,,,
cardiac,fetuses[].fetal_echo_anatomy[].main.main_txt,Inferior vena cava,str,empty,,5/5,,,,,,,,
cardiac,fetuses[].fetal_echo_anatomy[].main.main_txt,LVOT,str,empty,,5/5,,,,,,,,
cardiac,fetuses[].fetal_echo_anatomy[].main.main_txt,M-mode/rhythm,str,empty,,5/5,,,,,,,,
cardiac,fetuses[].fetal_echo_anatomy[].main.main_txt,Mitral valve,str,empty,,5/5,,,,,,,,
cardiac,fetuses[].fetal_echo_anatomy[].main.main_txt,Pulmonary valve,str,empty,,5/5,,,,,,,,
cardiac,fetuses[].fetal_echo_anatomy[].main.main_txt,Pulmonary veins,str,empty,,5/5,,,,,,,,
cardiac,fetuses[].fetal_echo_anatomy[].main.main_txt,RVOT,str,empty,,5/5,,,,,,,,
cardiac,fetuses[].fetal_echo_anatomy[].main.main_txt,Short Axis ventricles,str,empty,,5/5,,,,,,,,
cardiac,fetuses[].fetal_echo_anatomy[].main.main_txt,Short axis outflows,str,empty,,5/5,,,,,,,,
cardiac,fetuses[].fetal_echo_anatomy[].main.main_txt,Superior vena cava,str,empty,,5/5,,,,,,,,
cardiac,fetuses[].fetal_echo_anatomy[].main.main_txt,Tricuspid valve,str,empty,,5/5,,,,,,,,
cardiac,fetuses[].fetal_echo_anatomy[].main.main_txt,Umbilical artery,str,empty,,5/5,,,,,,,,
cardiac,fetuses[].fetal_echo_anatomy[].main.main_txt,Umbilical vein,str,empty,,5/5,,,,,,,,
cardiac,fetuses[].fetal_echo_anatomy[].main.main_txt,Ventricular septum,str,empty,,5/5,,,,,,,,
cardiac,fetuses[].fetal_echo_anatomy[].main.main_txt,Visceral/abdominal situs,str,empty,,5/5,,,,,,,,
cardiac,fetuses[].fetal_echo_anatomy[].main.print_in_report,3 Vessel view,int,integer,0,5/5,,,,,,,,
cardiac,fetuses[].fetal_echo_anatomy[].main.print_in_report,3 Vessel-trachea view,int,integer,0,5/5,,,,,,,,
cardiac,fetuses[].fetal_echo_anatomy[].main.print_in_report,4 chamber view apical,int,integer,0,5/5,,,,,,,,
cardiac,fetuses[].fetal_echo_anatomy[].main.print_in_report,4 chamber view subcostal,int,integer,0,5/5,,,,,,,,
cardiac,fetuses[].fetal_echo_anatomy[].main.print_in_report,Aortic Arch,int,integer,0,5/5,,,,,,,,
cardiac,fetuses[].fetal_echo_anatomy[].main.print_in_report,Aortic valve,int,integer,0,5/5,,,,,,,,
cardiac,fetuses[].fetal_echo_anatomy[].main.print_in_report,Atrial septum,int,integer,0,5/5,,,,,,,,
cardiac,fetuses[].fetal_echo_anatomy[].main.print_in_report,Ductal Arch,int,integer,0,5/5,,,,,,,,
cardiac,fetuses[].fetal_echo_anatomy[].main.print_in_report,Ductus venosus,int,integer,0,5/5,,,,,,,,
cardiac,fetuses[].fetal_echo_anatomy[].main.print_in_report,Foramen ovale,int,integer,0,5/5,,,,,,,,
cardiac,fetuses[].fetal_echo_anatomy[].main.print_in_report,Inferior vena cava,int,integer,0,5/5,,,,,,,,
cardiac,fetuses[].fetal_echo_anatomy[].main.print_in_report,LVOT,int,integer,0,5/5,,,,,,,,
cardiac,fetuses[].fetal_echo_anatomy[].main.print_in_report,M-mode/rhythm,int,integer,0,5/5,,,,,,,,
cardiac,fetuses[].fetal_echo_anatomy[].main.print_in_report,Mitral valve,int,integer,0,5/5,,,,,,,,
cardiac,fetuses[].fetal_echo_anatomy[].main.print_in_report,Pulmonary valve,int,integer,0,5/5,,,,,,,,
cardiac,fetuses[].fetal_echo_anatomy[].main.print_in_report,Pulmonary veins,int,integer,0,5/5,,,,,,,,
cardiac,fetuses[].fetal_echo_anatomy[].main.print_in_report,RVOT,int,integer,0,5/5,,,,,,,,
cardiac,fetuses[].fetal_echo_anatomy[].main.print_in_report,Short Axis ventricles,int,integer,0,5/5,,,,,,,,
cardiac,fetuses[].fetal_echo_anatomy[].main.print_in_report,Short axis outflows,int,integer,0,5/5,,,,,,,,
cardiac,fetuses[].fetal_echo_anatomy[].main.print_in_report,Superior vena cava,int,integer,0,5/5,,,,,,,,
cardiac,fetuses[].fetal_echo_anatomy[].main.print_in_report,Tricuspid valve,int,integer,0,5/5,,,,,,,,
cardiac,fetuses[].fetal_echo_anatomy[].main.print_in_report,Umbilical artery,int,integer,0,5/5,,,,,,,,
cardiac,fetuses[].fetal_echo_anatomy[].main.print_in_report,Umbilical vein,int,integer,0,5/5,,,,,,,,
cardiac,fetuses[].fetal_echo_anatomy[].main.print_in_report,Ventricular septum,int,integer,0,5/5,,,,,,,,
cardiac,fetuses[].fetal_echo_anatomy[].main.print_in_report,Visceral/abdominal situs,int,integer,0,5/5,,,,,,,,
cardiac,fetuses[].fetal_echo_anatomy[].main.required,3 Vessel view,str,coded_text,No,5/5,,,,,,,,
cardiac,fetuses[].fetal_echo_anatomy[].main.required,3 Vessel-trachea view,str,coded_text,No,5/5,,,,,,,,
cardiac,fetuses[].fetal_echo_anatomy[].main.required,4 chamber view apical,str,coded_text,No,5/5,,,,,,,,
cardiac,fetuses[].fetal_echo_anatomy[].main.required,4 chamber view subcostal,str,coded_text,No,5/5,,,,,,,,
cardiac,fetuses[].fetal_echo_anatomy[].main.required,Aortic Arch,str,coded_text,No,5/5,,,,,,,,
cardiac,fetuses[].fetal_echo_anatomy[].main.required,Aortic valve,str,coded_text,No,5/5,,,,,,,,
cardiac,fetuses[].fetal_echo_anatomy[].main.required,Atrial septum,str,coded_text,No,5/5,,,,,,,,
cardiac,fetuses[].fetal_echo_anatomy[].main.required,Ductal Arch,str,coded_text,No,5/5,,,,,,,,
cardiac,fetuses[].fetal_echo_anatomy[].main.required,Ductus venosus,str,coded_text,No,5/5,,,,,,,,
cardiac,fetuses[].fetal_echo_anatomy[].main.required,Foramen ovale,str,coded_text,No,5/5,,,,,,,,
cardiac,fetuses[].fetal_echo_anatomy[].main.required,Inferior vena cava,str,coded_text,No,5/5,,,,,,,,
cardiac,fetuses[].fetal_echo_anatomy[].main.required,LVOT,str,coded_text,No,5/5,,,,,,,,
cardiac,fetuses[].fetal_echo_anatomy[].main.required,M-mode/rhythm,str,coded_text,No,5/5,,,,,,,,
cardiac,fetuses[].fetal_echo_anatomy[].main.required,Mitral valve,str,coded_text,No,5/5,,,,,,,,
cardiac,fetuses[].fetal_echo_anatomy[].main.required,Pulmonary valve,str,coded_text,No,5/5,,,,,,,,
cardiac,fetuses[].fetal_echo_anatomy[].main.required,Pulmonary veins,str,coded_text,No,5/5,,,,,,,,
cardiac,fetuses[].fetal_echo_anatomy[].main.required,RVOT,str,coded_text,No,5/5,,,,,,,,
cardiac,fetuses[].fetal_echo_anatomy[].main.required,Short Axis ventricles,str,coded_text,No,5/5,,,,,,,,
cardiac,fetuses[].fetal_echo_anatomy[].main.required,Short axis outflows,str,coded_text,No,5/5,,,,,,,,
cardiac,fetuses[].fetal_echo_anatomy[].main.required,Superior vena cava,str,coded_text,No,5/5,,,,,,,,
cardiac,fetuses[].fetal_echo_anatomy[].main.required,Tricuspid valve,str,coded_text,No,5/5,,,,,,,,
cardiac,fetuses[].fetal_echo_anatomy[].main.required,Umbilical artery,str,coded_text,No,5/5,,,,,,,,
cardiac,fetuses[].fetal_echo_anatomy[].main.required,Umbilical vein,str,coded_text,No,5/5,,,,,,,,
cardiac,fetuses[].fetal_echo_anatomy[].main.required,Ventricular septum,str,coded_text,No,5/5,,,,,,,,
cardiac,fetuses[].fetal_echo_anatomy[].main.required,Visceral/abdominal situs,str,coded_text,No,5/5,,,,,,,,
cardiac,fetuses[].fetal_echo_measurements,,null,empty,,5/5,,,,,,,,
cardiac,fetuses[].fetus.heart_bpm,,int,integer,150|161,5/5,,,,,,,,
cardiac,fetuses[].fetus.heart_movement_seen,,str,coded_text,Seen,5/5,,,,,,,,
cardiac,fetuses[].fetus.heart_rate_is,,str,coded_text,Regular,5/5,,,,,,,,
cardiac,,,,,,,OBX FetalEchocardiography.FetalEchoMarkersOtherFindingsPrint,Fetal echocardiography markers other findings print,Print fetal echocardiography markers other findings in report,str (ST),coded_text,Print,2/7,
cardiac,,,,,,,OBX FetalEchocardiography.ThymusTTRatioPrint,Thymus print,Print thymus or TT-Ratio in report,str (ST),coded_text,Print,2/7,
cardiac,,,,,,,OBX HeartFetus.AortaAscDetails,Ascending aorta,Ascending aorta details,str (ST),coded_text,normal size and morphology,2/7,
cardiac,,,,,,,OBX HeartFetus.AorticIsthmusDetails,Aortic isthmus,Aortic isthmus details,str (ST),coded_text,normal size and morphology,2/7,
cardiac,,,,,,,OBX HeartFetus.AorticIsthmusDiameterZscoreMethod,Ao isthmus Zscore by,Aortic isthmus diameter Zscore calculated by,str (ST),coded_text,Krishnan,2/7,
cardiac,,,,,,,OBX HeartFetus.AorticRootDetails,Aortic root,Aortic root details,str (ST),coded_text,aortic root larger than pulmonary root|normal,2/7,
cardiac,,,,,,,OBX HeartFetus.AorticValveAnnulusDiameterSystole2D,AoV annulus syst,Aortic valve annulus diameter systole 2D mode,float (NM),decimal,6.3|8.5,2/7,
cardiac,,,,,,,OBX HeartFetus.AorticValveAnnulusDiameterSystole2DZscoreBPD,AoV annulus syst Z-score (BPD),Aortic valve annulus diameter systole 2D mode Zscore based on biparietal diameter,float (NM),decimal,2.92371661 (2.92)|5.87769032 (5.88),2/7,
cardiac,,,,,,,OBX HeartFetus.AorticValveAnnulusDiameterSystole2DZscoreFL,AoV annulus syst Z-score (FL),Aortic valve annulus diameter systole 2D mode Zscore based on femur length,float (NM),decimal,4.93056572 (4.93)|7.07297098 (7.07),2/7,
cardiac,,,,,,,OBX HeartFetus.AorticValveAnnulusDiameterSystole2DZscoreGA,AoV annulus syst Z-score (GA),Aortic valve annulus diameter systole 2D mode Zscore based on gestational age,float (NM),decimal,4.23621336 (4.24)|6.57253575 (6.57),2/7,
cardiac,,,,,,,OBX HeartFetus.AorticValveAnnulusDiameterSystole2DZscoreMethod,AoV annulus syst Z-score by,Aortic valve annulus diameter systole 2D mode Zscore calculated by,str (ST),coded_text,Schneider,2/7,
cardiac,,,,,,,OBX HeartFetus.AorticValveDiameterOverPulmonaryValveDiameterSystole,AoV annulus syst / PV annulus syst,Aortic valve annulus diameter at systole / Pulmonaryvalve annulus diameter at systole,float (NM),decimal,0.91970803 (0.92)|0.82284608 (0.82),2/7,
cardiac,,,,,,,OBX HeartFetus.AscendingAortaDiameterZscoreMethod,Ao asc Zscore by,Ascending aorta diameter Zscore calculated by,str (ST),coded_text,Schneider,2/7,
cardiac,,,,,,,OBX HeartFetus.AtriaDetails,Atria,Atria details,str (ST),coded_text,"normal, atria approximately equal in size",2/7,
cardiac,,,,,,,OBX HeartFetus.AtrioVentricularConnectionsDetails,AV connections,Atrioventricular connections,str (ST),coded_text,"common AV junction, balanced ventricles|concordant, patent AV valves, equal size",2/7,
cardiac,,,,,,,OBX HeartFetus.CardiacActivity,Cardiac activity,Fetal cardiac activity,str (ST),coded_text,present,7/7,
cardiac,,,,,,,OBX HeartFetus.CardiacArea,Cardiac area,Cardiac area,float (NM),decimal,450.02 (4.5)|647.73 (6.5),2/7,
cardiac,,,,,,,OBX HeartFetus.CardiacCircumference,Cardiac circ,Cardiac circumference,float (NM),decimal,75.2|90.22 (90.2),2/7,
cardiac,,,,,,,OBX HeartFetus.CardiacFunction,Cardiac function,Fetal cardiac function,str (ST),coded_text,good contractility (normal)|mildly impaired left ventricular contractility,2/7,
cardiac,,,,,,,OBX HeartFetus.CardiacPosition,Cardiac position,Fetal cardiac position,str (ST),coded_text,normal,1/7,
cardiac,,,,,,,OBX HeartFetus.CardiacProportions,Cardiac proportions,Fetal cardiac proportions,str (ST),coded_text,proportioned (normal)|disproportioned,2/7,
cardiac,,,,,,,OBX HeartFetus.CardiacRhythm,Cardiac rhythm,Fetal cardiac rhythm,str (ST),coded_text,regular (normal),2/7,
cardiac,,,,,,,OBX HeartFetus.CardiacSize,Cardiac size,Fetal cardiac size,str (ST),coded_text,normal (approx. 1/3 of thoracic area)|mildly increased,2/7,
cardiac,,,,,,,OBX HeartFetus.DescendingAortaDiameterZscoreMethod,Ao desc Zscore by,Descending aorta diameter Zscore calculated by,str (ST),coded_text,Schneider,2/7,
cardiac,,,,,,,OBX HeartFetus.FetalHeartRate,FHR,Fetal heart rate,int (NM),integer,140,6/7,
cardiac,,,,,,,OBX HeartFetus.GreatArteryCrossingDetails,Cross-over gr. arteries,Crossing of the great arteries,str (ST),free_text,"anterior great artery (confirmed to be the pulmonary artery by its branching) which crosses the course of the proximal aorta, indicative of normal relationship of the great arteries",2/7,
cardiac,,,,,,,OBX HeartFetus.HeartAppearance,Heart,Heart appearance,str (ST),coded_text,abnormal|suboptimal|normal,7/7,
cardiac,,,,,,,OBX HeartFetus.HeartDetails,Heart,Fetal heart details,str (ST),coded_text,Atrioventricular septal defect: Complete|Ebstein anomaly,3/7,
cardiac,,,,,,,OBX HeartFetus.IntracardiacEchogenicFocusPrint,Echogenic focus print,Print intracardiac echogenic focus in report,str (ST),coded_text,Print,2/7,
cardiac,,,,,,,OBX HeartFetus.LeftVentricularAreaZscoreMethod,LV area Zscore by,Left ventricular area Zscore calculated by,str (ST),coded_text,Schneider,2/7,
cardiac,,,,,,,OBX HeartFetus.LeftVentricularInletDiameterZscoreMethod,LV inlet Zscore by,Left ventricular inlet diameter Zscore calculated by,str (ST),coded_text,Schneider,2/7,
cardiac,,,,,,,OBX HeartFetus.LeftVentricularWidthDiastole2DZscoreMethod,LV width diast Zscore by,Left ventricular width diastole 2D mode Zscore calculated by,str (ST),coded_text,Schneider,2/7,
cardiac,,,,,,,OBX HeartFetus.MVAnnulusOverTVAnnulusDiastole,MV annulus diast / TV annulus diast,Mitral valve annulus diastolic diameter 2D / tricuspid valve annulus diastolic diameter 2D,float (NM),decimal,1.0813094 (1.08),1/7,
cardiac,,,,,,,OBX HeartFetus.MitralValveAnnulusDiameterDiastole2D,MV annulus diast,Mitral valve annulus diameter diastole 2D mode,float (NM),decimal,10.24 (10.2),1/7,
cardiac,,,,,,,OBX HeartFetus.MitralValveAnnulusDiameterDiastole2DZscoreBPD,MV annulus diast Zscore (BPD),Mitral valve annulus diameter diastole 2D mode Zscore based on biparietal diameter,float (NM),decimal,2.39964631 (2.40),1/7,
cardiac,,,,,,,OBX HeartFetus.MitralValveAnnulusDiameterDiastole2DZscoreFL,MV annulus diast Zscore (FL),Mitral valve annulus diameter diastole 2D mode Zscore based on femur length,float (NM),decimal,2.63252498 (2.63),1/7,
cardiac,,,,,,,OBX HeartFetus.MitralValveAnnulusDiameterDiastole2DZscoreGA,MV annulus diast Zscore (GA),Mitral valve annulus diameter diastole 2D mode Zscore based on gestational age,float (NM),decimal,2.88866451 (2.89),1/7,
cardiac,,,,,,,OBX HeartFetus.MitralValveAnnulusDiameterDiastole2DZscoreMethod,MV annulus diast Zscore by,Mitral valve annulus diameter diastole 2D mode Zscore calculated by,str (ST),coded_text,Schneider,2/7,
cardiac,,,,,,,OBX HeartFetus.PericardialEffusion,Pericardial effusion,Pericardial effusion of the fetal heart,str (ST),coded_text,no,2/7,
cardiac,,,,,,,OBX HeartFetus.PericardialEffusionPrint,Pericardial effusion print,Print pericardial effusion of the fetal heart in report,str (ST),coded_text,Print,2/7,
cardiac,,,,,,,OBX HeartFetus.PulmonaryArteryLBranchDiameterZscoreMethod,Lt PA branch Zscore by,Left pulmonary artery branch diameter Zscore calculated by,str (ST),coded_text,Schneider,2/7,
cardiac,,,,,,,OBX HeartFetus.PulmonaryArteryLDetails,Lt branch PA,Left branch of pulmonary artery,str (ST),coded_text,normal,2/7,
cardiac,,,,,,,OBX HeartFetus.PulmonaryArteryMainDetails,Main PA,Main pulmonary artery,str (ST),coded_text,normal size and bifurcation,2/7,
cardiac,,,,,,,OBX HeartFetus.PulmonaryArteryMainDiameterZscoreMethod,PA main Zscore by,Main pulmonary artery diameter Zscore calculated by,str (ST),coded_text,Schneider,2/7,
cardiac,,,,,,,OBX HeartFetus.PulmonaryArteryRBranchDiameterZscoreMethod,Rt PA branch Zscore by,Right pulmonary artery branch diameter Zscore calculated by,str (ST),coded_text,Schneider,2/7,
cardiac,,,,,,,OBX HeartFetus.PulmonaryArteryRDetails,Rt branch PA,Right branch of pulmonary artery,str (ST),coded_text,normal,2/7,
cardiac,,,,,,,OBX HeartFetus.PulmonaryValveAnnulusDiameterSystole2D,PV annulus syst,Pulmonary valve annulus diameter systole 2D mode,float (NM),decimal,6.85 (6.9)|10.33 (10.3),2/7,
cardiac,,,,,,,OBX HeartFetus.PulmonaryValveAnnulusDiameterSystole2DZscoreBPD,PV annulus syst Zscore (BPD),Pulmonary valve annulus diameter systole 2D mode Zscore based on biparietal diameter,float (NM),decimal,2.24627632 (2.25)|6.55558603 (6.56),2/7,
cardiac,,,,,,,OBX HeartFetus.PulmonaryValveAnnulusDiameterSystole2DZscoreFL,PV annulus syst Zscore (FL),Pulmonary valve annulus diameter systole 2D mode Zscore based on femur length,float (NM),decimal,3.9262725 (3.93)|7.02824005 (7.03),2/7,
cardiac,,,,,,,OBX HeartFetus.PulmonaryValveAnnulusDiameterSystole2DZscoreGA,PV annulus syst Zscore (GA),Pulmonary valve annulus diameter systole 2D mode Zscore based on gestational age,float (NM),decimal,3.63356606 (3.63)|7.03425837 (7.03),2/7,
cardiac,,,,,,,OBX HeartFetus.PulmonaryValveAnnulusDiameterSystole2DZscoreMethod,PV annulus syst Zscore by,Pulmonary valve annulus diameter systole 2D mode Zscore calculated by,str (ST),coded_text,Schneider,2/7,
cardiac,,,,,,,OBX HeartFetus.RightVentricularAreaZscoreMethod,RV area Zscore by,Right ventricular area Zscore calculated by,str (ST),coded_text,Schneider,2/7,
cardiac,,,,,,,OBX HeartFetus.RightVentricularInletDiameterZscoreMethod,RV inlet Zscore by,Right ventricular inlet diameter Zscore calculated by,str (ST),coded_text,Schneider,2/7,
cardiac,,,,,,,OBX HeartFetus.RightVentricularWidthDiastole2DZscoreMethod,RV width diast Zscore by,Right ventricular width diastole 2D mode Zscore calculated by,str (ST),coded_text,Schneider,2/7,
cardiac,,,,,,,OBX HeartFetus.TricuspidValveAnnulusDiameterDiastole2D,TV annulus diast,Tricuspid valve annulus diameter diastole 2D mode,float (NM),decimal,9.47 (9.5),1/7,
cardiac,,,,,,,OBX HeartFetus.TricuspidValveAnnulusDiameterDiastole2DZscoreBPD,TV annulus diast Zscore (BPD),Tricuspid valve annulus diameter diastole 2D mode Zscore based on biparietal diameter,float (NM),decimal,1.32092812 (1.32),1/7,
cardiac,,,,,,,OBX HeartFetus.TricuspidValveAnnulusDiameterDiastole2DZscoreFL,TV annulus diast Zscore (FL),Tricuspid valve annulus diameter diastole 2D mode Zscore based on femur length,float (NM),decimal,1.486418 (1.49),1/7,
cardiac,,,,,,,OBX HeartFetus.TricuspidValveAnnulusDiameterDiastole2DZscoreGA,TV annulus diast Zscore (GA),Tricuspid valve annulus diameter diastole 2D mode Zscore based on gestational age,float (NM),decimal,1.99539972 (2.00),1/7,
cardiac,,,,,,,OBX HeartFetus.TricuspidValveAnnulusDiameterDiastole2DZscoreMethod,TV annulus diast Zscore by,Tricuspid valve annulus diameter diastole 2D mode Zscore calculated by,str (ST),coded_text,Schneider,2/7,
cardiac,,,,,,,OBX HeartFetus.VenousAtrialConnectionsDetails,Venous-atrial connections,Venous-atrial connections details,str (ST),coded_text,normal,2/7,
cardiac,,,,,,,OBX HeartFetus.VentricleArteryConnectionsDetails,VA connections,Ventriculo-arterial connections,str (ST),coded_text,concordant,2/7,
cardiac,,,,,,,OBX HeartFetus.VentriclesDetails,Ventricles,Ventricles details,str (ST),coded_text,normal size and morphology,2/7,
cardiac,,,,,,,OBX HeartFetus.VisceroAtrialSitusAppearance,Situs,Viscero- atrial situs,str (ST),coded_text,situs solitus (normal),2/7,
amniotic_fluid,fetuses[].amioticfluid.amniotic_fluid.afi_done,,int,integer,0|1,5/5,,,,,,,,
amniotic_fluid,fetuses[].amioticfluid.amniotic_fluid.afi_total,,float,decimal,11.5,1/5,,,,,,,,
amniotic_fluid,fetuses[].amioticfluid.amniotic_fluid.amniotic_fluid_volume,,str,coded_text,Normal,5/5,,,,,,,,
amniotic_fluid,fetuses[].amioticfluid.amniotic_fluid.done,,int,integer,1,5/5,,,,,,,,
amniotic_fluid,fetuses[].amioticfluid.amniotic_fluid.largest_vertical_pocket,,float|int,decimal|integer,5|3.7,2/5,,,,,,,,
amniotic_fluid,fetuses[].amioticfluid.amniotic_fluid.percentile_for_display,,str,percentile,16%,1/5,,,,,,,,
amniotic_fluid,fetuses[].amioticfluid.amniotic_fluid.quadrant_2,,float,decimal,3.5,1/5,,,,,,,,
amniotic_fluid,fetuses[].amioticfluid.amniotic_fluid.quadrant_3,,float,decimal,4.5,1/5,,,,,,,,
amniotic_fluid,fetuses[].amioticfluid.amniotic_fluid.quadrant_4,,float,decimal,3.5,1/5,,,,,,,,
amniotic_fluid,,,,,,,OBX Fetus.AmnioticFluidAmount,Amniotic fluid,Amount of AF,str (ST),coded_text,oligohydramnios|normal,2/7,
amniotic_fluid,,,,,,,OBX Fetus.AmnioticFluidMaximumVerticalPocket,MVP,AF MVP,float (NM),decimal,1.62 (1.6)|2.03 (2.0)|5.36 (5.4)|4.6|3.35 (3.4)|4.27 (4.3),6/7,
amniotic_fluid,,,,,,,OBX Fetus.VP_AmnioticFluidDetails_Mask,,,str (ST),free_text,Normal amount with MVP of 5.4 cm\.br\\.br\,1/7,
amniotic_fluid,,,,,,,OBX Fetus.VP_AmnioticFluidMaximumVerticalPocket_Author,,,str (ST),coded_text,Magann,6/7,
amniotic_fluid,,,,,,,OBX Fetus.VP_AmnioticFluidMaximumVerticalPocket_DevRatio,,,float|int (NM),decimal|percentile,-65.5 (-65.5%)|-52.9 (-52.9%)|14 (+14.0%)|-4.3 (-4.3%)|-30.2 (-30.2%)|-8.6 (-8.6%),6/7,
amniotic_fluid,,,,,,,OBX Fetus.VP_AmnioticFluidMaximumVerticalPocket_Deviation,,,float (NM),decimal,-3.2 (-3.2SD)|-2.5 (-2.5SD)|0.5 (+0.5SD)|-0.2 (-0.2SD)|-1.3 (-1.3SD)|-0.4 (-0.4SD),6/7,
amniotic_fluid,,,,,,,OBX Fetus.VP_AmnioticFluidMaximumVerticalPocket_Percentile,,,int (NM),percentile,0 (<1%)|1 (<1%)|70 (70%)|43 (43%)|9 (9%)|34 (34%),6/7,
placenta_cord,fetuses[].fetalvessels.ductus_venosus.done,,int,integer,0,5/5,,,,,,,,
placenta_cord,fetuses[].fetalvessels.ductus_venosus.ductus_venosus_index,,int,integer,0,5/5,,,,,,,,
placenta_cord,fetuses[].fetalvessels.ductus_venosus.peak_atrial_systolic,,int,integer,0,5/5,,,,,,,,
placenta_cord,fetuses[].fetalvessels.ductus_venosus.peak_ventricular_diastolic,,int,integer,0,5/5,,,,,,,,
placenta_cord,fetuses[].fetalvessels.ductus_venosus.peak_ventricular_systolic,,int,integer,0,5/5,,,,,,,,
placenta_cord,fetuses[].fetalvessels.ductus_venosus.reverse_flow,,str,coded_text,Unspecified,5/5,,,,,,,,
placenta_cord,fetuses[].fetalvessels.ductus_venosus.systolic_atrial_ratio,,int,integer,0,5/5,,,,,,,,
placenta_cord,fetuses[].fetalvessels.ductus_venosus.systolic_diastolic_ratio,,int,integer,0,5/5,,,,,,,,
placenta_cord,fetuses[].fetalvessels.intrahep_vein.done,,int,integer,0,5/5,,,,,,,,
placenta_cord,fetuses[].fetalvessels.intrahep_vein.pulsations,,str,coded_text,Unspecified,5/5,,,,,,,,
placenta_cord,fetuses[].fetalvessels.middle_cerebral_artery.absent_end_diastolic_velocity,,str,coded_text,?,5/5,,,,,,,,
placenta_cord,fetuses[].fetalvessels.middle_cerebral_artery.done,,int,integer,0,5/5,,,,,,,,
placenta_cord,fetuses[].fetalvessels.middle_cerebral_artery.peak_systolic_velocity,,int,integer,0,5/5,,,,,,,,
placenta_cord,fetuses[].fetalvessels.middle_cerebral_artery.peak_systolic_velocity_mom,,int,integer,0,5/5,,,,,,,,
placenta_cord,fetuses[].fetalvessels.middle_cerebral_artery.peak_systolic_velocity_percentile,,int,integer,0,5/5,,,,,,,,
placenta_cord,fetuses[].fetalvessels.middle_cerebral_artery.peak_systolic_velocity_z_score,,int,integer,0,5/5,,,,,,,,
placenta_cord,fetuses[].fetalvessels.middle_cerebral_artery.pulsatility_index,,int,integer,0,5/5,,,,,,,,
placenta_cord,fetuses[].fetalvessels.middle_cerebral_artery.pulsatility_index_mom,,int,integer,0,5/5,,,,,,,,
placenta_cord,fetuses[].fetalvessels.middle_cerebral_artery.pulsatility_index_percentile,,int,integer,0,5/5,,,,,,,,
placenta_cord,fetuses[].fetalvessels.middle_cerebral_artery.pulsatility_index_z_score,,int,integer,0,5/5,,,,,,,,
placenta_cord,fetuses[].fetalvessels.middle_cerebral_artery.resistance_index,,int,integer,0,5/5,,,,,,,,
placenta_cord,fetuses[].fetalvessels.middle_cerebral_artery.resistance_index_mom,,int,integer,0,5/5,,,,,,,,
placenta_cord,fetuses[].fetalvessels.middle_cerebral_artery.resistance_index_percentile,,int,integer,0,5/5,,,,,,,,
placenta_cord,fetuses[].fetalvessels.middle_cerebral_artery.resistance_index_z_score,,int,integer,0,5/5,,,,,,,,
placenta_cord,fetuses[].fetalvessels.middle_cerebral_artery.systolic_diastolic_ratio,,int,integer,0,5/5,,,,,,,,
placenta_cord,fetuses[].fetalvessels.middle_cerebral_artery.systolic_diastolic_ratio_mom,,int,integer,0,5/5,,,,,,,,
placenta_cord,fetuses[].fetalvessels.middle_cerebral_artery.systolic_diastolic_ratio_percentile,,int,integer,0,5/5,,,,,,,,
placenta_cord,fetuses[].fetalvessels.middle_cerebral_artery.systolic_diastolic_ratio_z_score,,int,integer,0,5/5,,,,,,,,
placenta_cord,fetuses[].fetalvessels.renal_artery.done,,int,integer,0,5/5,,,,,,,,
placenta_cord,fetuses[].fetalvessels.renal_artery.pulsatility_index,,int,integer,0,5/5,,,,,,,,
placenta_cord,fetuses[].fetalvessels.renal_artery.pulsatility_index_mom,,int,integer,0,5/5,,,,,,,,
placenta_cord,fetuses[].fetalvessels.renal_artery.pulsatility_index_percentile,,int,integer,0,5/5,,,,,,,,
placenta_cord,fetuses[].fetalvessels.renal_artery.pulsatility_index_z_score,,int,integer,0,5/5,,,,,,,,
placenta_cord,fetuses[].fetalvessels.renal_artery.resistance_index,,int,integer,0,5/5,,,,,,,,
placenta_cord,fetuses[].fetalvessels.renal_artery.resistance_index_mom,,int,integer,0,5/5,,,,,,,,
placenta_cord,fetuses[].fetalvessels.renal_artery.resistance_index_percentile,,int,integer,0,5/5,,,,,,,,
placenta_cord,fetuses[].fetalvessels.renal_artery.resistance_index_z_score,,int,integer,0,5/5,,,,,,,,
placenta_cord,fetuses[].fetalvessels.renal_artery.systolic_diastolic_ratio,,int,integer,0,5/5,,,,,,,,
placenta_cord,fetuses[].fetalvessels.renal_artery.systolic_diastolic_ratio_mom,,int,integer,0,5/5,,,,,,,,
placenta_cord,fetuses[].fetalvessels.renal_artery.systolic_diastolic_ratio_percentile,,int,integer,0,5/5,,,,,,,,
placenta_cord,fetuses[].fetalvessels.renal_artery.systolic_diastolic_ratio_z_score,,int,integer,0,5/5,,,,,,,,
placenta_cord,fetuses[].fetalvessels.thoracic_aorta.absent_end_diastolic_velocity,,str,coded_text,?,5/5,,,,,,,,
placenta_cord,fetuses[].fetalvessels.thoracic_aorta.done,,int,integer,0,5/5,,,,,,,,
placenta_cord,fetuses[].fetalvessels.thoracic_aorta.peak_systolic_velocity,,int,integer,0,5/5,,,,,,,,
placenta_cord,fetuses[].fetalvessels.thoracic_aorta.peak_systolic_velocity_mom,,int,integer,0,5/5,,,,,,,,
placenta_cord,fetuses[].fetalvessels.thoracic_aorta.peak_systolic_velocity_percentile,,int,integer,0,5/5,,,,,,,,
placenta_cord,fetuses[].fetalvessels.thoracic_aorta.peak_systolic_velocity_z_score,,int,integer,0,5/5,,,,,,,,
placenta_cord,fetuses[].fetalvessels.thoracic_aorta.pulsatility_index,,int,integer,0,5/5,,,,,,,,
placenta_cord,fetuses[].fetalvessels.thoracic_aorta.pulsatility_index_mom,,int,integer,0,5/5,,,,,,,,
placenta_cord,fetuses[].fetalvessels.thoracic_aorta.pulsatility_index_percentile,,int,integer,0,5/5,,,,,,,,
placenta_cord,fetuses[].fetalvessels.thoracic_aorta.pulsatility_index_z_score,,int,integer,0,5/5,,,,,,,,
placenta_cord,fetuses[].fetalvessels.thoracic_aorta.resistance_index,,int,integer,0,5/5,,,,,,,,
placenta_cord,fetuses[].fetalvessels.thoracic_aorta.resistance_index_mom,,int,integer,0,5/5,,,,,,,,
placenta_cord,fetuses[].fetalvessels.thoracic_aorta.resistance_index_percentile,,int,integer,0,5/5,,,,,,,,
placenta_cord,fetuses[].fetalvessels.thoracic_aorta.resistance_index_z_score,,int,integer,0,5/5,,,,,,,,
placenta_cord,fetuses[].fetalvessels.thoracic_aorta.reverse_flow,,str,coded_text,?,5/5,,,,,,,,
placenta_cord,fetuses[].fetalvessels.thoracic_aorta.systolic_diastolic_ratio,,int,integer,0,5/5,,,,,,,,
placenta_cord,fetuses[].fetalvessels.thoracic_aorta.systolic_diastolic_ratio_mom,,int,integer,0,5/5,,,,,,,,
placenta_cord,fetuses[].fetalvessels.thoracic_aorta.systolic_diastolic_ratio_percentile,,int,integer,0,5/5,,,,,,,,
placenta_cord,fetuses[].fetalvessels.thoracic_aorta.systolic_diastolic_ratio_z_score,,int,integer,0,5/5,,,,,,,,
placenta_cord,fetuses[].fetalvessels.umbilical_artery.absent_end_diastolic_velocity,,str,coded_text,?,5/5,,,,,,,,
placenta_cord,fetuses[].fetalvessels.umbilical_artery.done,,int,integer,0,5/5,,,,,,,,
placenta_cord,fetuses[].fetalvessels.umbilical_artery.pulsatility_index,,int,integer,0,5/5,,,,,,,,
placenta_cord,fetuses[].fetalvessels.umbilical_artery.pulsatility_index_mom,,int,integer,0,5/5,,,,,,,,
placenta_cord,fetuses[].fetalvessels.umbilical_artery.pulsatility_index_percentile,,int,integer,0,5/5,,,,,,,,
placenta_cord,fetuses[].fetalvessels.umbilical_artery.pulsatility_index_z_score,,int,integer,0,5/5,,,,,,,,
placenta_cord,fetuses[].fetalvessels.umbilical_artery.resistance_index,,int,integer,0,5/5,,,,,,,,
placenta_cord,fetuses[].fetalvessels.umbilical_artery.resistance_index_mom,,int,integer,0,5/5,,,,,,,,
placenta_cord,fetuses[].fetalvessels.umbilical_artery.resistance_index_percentile,,int,integer,0,5/5,,,,,,,,
placenta_cord,fetuses[].fetalvessels.umbilical_artery.resistance_index_z_score,,int,integer,0,5/5,,,,,,,,
placenta_cord,fetuses[].fetalvessels.umbilical_artery.reverse_flow,,str,coded_text,?,5/5,,,,,,,,
placenta_cord,fetuses[].fetalvessels.umbilical_artery.systolic_diastolic_ratio,,int,integer,0,5/5,,,,,,,,
placenta_cord,fetuses[].fetalvessels.umbilical_artery.systolic_diastolic_ratio_mom,,int,integer,0,5/5,,,,,,,,
placenta_cord,fetuses[].fetalvessels.umbilical_artery.systolic_diastolic_ratio_percentile,,int,integer,0,5/5,,,,,,,,
placenta_cord,fetuses[].fetalvessels.umbilical_artery.systolic_diastolic_ratio_z_score,,int,integer,0,5/5,,,,,,,,
placenta_cord,fetuses[].fetalvessels.umbilical_vein.done,,int,integer,0,5/5,,,,,,,,
placenta_cord,fetuses[].fetalvessels.umbilical_vein.pulsations,,str,coded_text,Unspecified,5/5,,,,,,,,
placenta_cord,fetuses[].fetalvessels.vena_cava_inferior.atrial_filling_index,,int,integer,0,5/5,,,,,,,,
placenta_cord,fetuses[].fetalvessels.vena_cava_inferior.done,,int,integer,0,5/5,,,,,,,,
placenta_cord,fetuses[].fetalvessels.vena_cava_inferior.peak_diastolic_flow,,int,integer,0,5/5,,,,,,,,
placenta_cord,fetuses[].fetalvessels.vena_cava_inferior.peak_reverse_flow,,int,integer,0,5/5,,,,,,,,
placenta_cord,fetuses[].fetalvessels.vena_cava_inferior.pi_reverse_over_pi_forward_ratio,,int,integer,0,5/5,,,,,,,,
placenta_cord,fetuses[].fetalvessels.vena_cava_inferior.pulsatility_index_forward,,int,integer,0,5/5,,,,,,,,
placenta_cord,fetuses[].fetalvessels.vena_cava_inferior.pulsatility_index_reverse,,int,integer,0,5/5,,,,,,,,
placenta_cord,fetuses[].fetalvessels.vena_cava_inferior.systolic_velocity_max,,int,integer,0,5/5,,,,,,,,
placenta_cord,fetuses[].fetalvessels.vena_cava_inferior.systolic_velocity_min,,int,integer,0,5/5,,,,,,,,
placenta_cord,fetuses[].fetalvessels.vena_cava_inferior.velocity_time_integral_systolic_wave,,int,integer,0,5/5,,,,,,,,
placenta_cord,fetuses[].fetalvessels.vena_cava_superior.atrial_filling_index,,int,integer,0,5/5,,,,,,,,
placenta_cord,fetuses[].fetalvessels.vena_cava_superior.done,,int,integer,0,5/5,,,,,,,,
placenta_cord,fetuses[].fetalvessels.vena_cava_superior.peak_diastolic_flow,,int,integer,0,5/5,,,,,,,,
placenta_cord,fetuses[].fetalvessels.vena_cava_superior.peak_reverse_flow,,int,integer,0,5/5,,,,,,,,
placenta_cord,fetuses[].fetalvessels.vena_cava_superior.pi_reverse_over_pi_forward_ratio,,int,integer,0,5/5,,,,,,,,
placenta_cord,fetuses[].fetalvessels.vena_cava_superior.pulsatility_index_forward,,int,integer,0,5/5,,,,,,,,
placenta_cord,fetuses[].fetalvessels.vena_cava_superior.pulsatility_index_reverse,,int,integer,0,5/5,,,,,,,,
placenta_cord,fetuses[].fetalvessels.vena_cava_superior.systolic_velocity_max,,int,integer,0,5/5,,,,,,,,
placenta_cord,fetuses[].fetalvessels.vena_cava_superior.systolic_velocity_min,,int,integer,0,5/5,,,,,,,,
placenta_cord,fetuses[].fetalvessels.vena_cava_superior.velocity_time_integral_systolic_wave,,int,integer,0,5/5,,,,,,,,
placenta_cord,fetuses[].placenta.amnion_seen,,str,coded_text,Unspecified|Seen,5/5,,,,,,,,
placenta_cord,fetuses[].placenta.anterior_pos,,int,integer,1|0,5/5,,,,,,,,
placenta_cord,fetuses[].placenta.chor_amniotic,,str,coded_text,Unspecified,5/5,,,,,,,,
placenta_cord,fetuses[].placenta.chor_chorionic,,str,coded_text,Unspecified,5/5,,,,,,,,
placenta_cord,fetuses[].placenta.done,,int,integer,1,5/5,,,,,,,,
placenta_cord,fetuses[].placenta.echoluc,,str,coded_text,Unspecified,5/5,,,,,,,,
placenta_cord,fetuses[].placenta.fundal_pos,,int,integer,0,5/5,,,,,,,,
placenta_cord,fetuses[].placenta.grade,,str,coded_text,Unspecified,5/5,,,,,,,,
placenta_cord,fetuses[].placenta.lft_lat_pos,,int,integer,0,5/5,,,,,,,,
placenta_cord,fetuses[].placenta.low_lyng_pos,,int,integer,0,5/5,,,,,,,,
placenta_cord,fetuses[].placenta.posterior_pos,,int,integer,0|1,5/5,,,,,,,,
placenta_cord,fetuses[].placenta.previa,,str,coded_text,Unspecified,5/5,,,,,,,,
placenta_cord,fetuses[].placenta.rht_lat_pos,,int,integer,0,5/5,,,,,,,,
placenta_cord,fetuses[].placenta.subchor_sonoluc,,str,coded_text,Unspecified,5/5,,,,,,,,
placenta_cord,fetuses[].placenta.thickness,,int,integer,0,5/5,,,,,,,,
placenta_cord,fetuses[].placenta.thickness_user_spec,,int,integer,0,5/5,,,,,,,,
placenta_cord,fetuses[].uards.uards.a_priori_risk,,int,integer,0,5/5,,,,,,,,
placenta_cord,fetuses[].uards.uards.a_priori_risk_lookup,,str,coded_text,Unspecified,5/5,,,,,,,,
placenta_cord,fetuses[].uards.uards.maternal_age_risk,,int,integer,22|29|37|47|61,5/5,,,,,,,,
placenta_cord,fetuses[].uards.uards.risk_adjustment,,int,integer,0,5/5,,,,,,,,
placenta_cord,fetuses[].uards.uards.risk_adjustment_lookup,,str,coded_text,Unspecified,5/5,,,,,,,,
placenta_cord,fetuses[].uards.uards.ultrasound_adjusted_risk,,int,integer,0,5/5,,,,,,,,
placenta_cord,,,,,,,OBX Fetus.PlacentaSite,Placenta,Placental site,str (ST),coded_text,anterior,2/7,
placenta_cord,,,,,,,OBX Fetus.VP_PlacentaDetails_Mask,,,str (ST),free_text,"left lateral\.br\\.br\|anterior\.br\\.br\|posterior, fundal\.br\\.br\|posterior\.br\\.br\",5/7,
placenta_cord,,,,,,,OBX UmbilicalCordFetus.CordVessels,Cord vessels,Umbilical cord vessels,str (ST),coded_text,3 vessel cord,3/7,
placenta_cord,,,,,,,OBX UmbilicalCordFetus.UmbilicalArteryUndefinedEDV,Umbilical A ED,Umbilical artery end diastolic velocity,float (NM),decimal,19.5 (19.50),1/7,
placenta_cord,,,,,,,OBX UmbilicalCordFetus.UmbilicalArteryUndefinedHR,Umbilical A HR,Umbilical artery heart rate,int (NM),integer,201,1/7,
placenta_cord,,,,,,,OBX UmbilicalCordFetus.UmbilicalArteryUndefinedMD,Umbilical A MD,Umbilical artery minimum diastolic velocity,float (NM),decimal,19.21,1/7,
placenta_cord,,,,,,,OBX UmbilicalCordFetus.UmbilicalArteryUndefinedPI,Umbilical A PI,Umbilical artery pulsatility index,float (NM),decimal,0.86,1/7,
placenta_cord,,,,,,,OBX UmbilicalCordFetus.UmbilicalArteryUndefinedPSV,Umbilical A PS,Umbilical artery peak systolic velocity,float (NM),decimal,42.72,1/7,
placenta_cord,,,,,,,OBX UmbilicalCordFetus.UmbilicalArteryUndefinedRI,Umbilical A RI,Umbilical artery resistance index,float (NM),decimal,0.54,1/7,
placenta_cord,,,,,,,OBX UmbilicalCordFetus.UmbilicalArteryUndefinedSoverD,Umbilical A S / D,Umbilical artery S / D ratio,float (NM),decimal,2.19,1/7,
placenta_cord,,,,,,,OBX UmbilicalCordFetus.UmbilicalArteryUndefinedTAmax,Umbilical A TAmax,Umbilical artery time-averaged maximum velocity,float (NM),decimal,27.08,1/7,
placenta_cord,,,,,,,OBX UmbilicalCordFetus.VP_UmbilicalArteryUndefinedPI_Author,,,str (ST),coded_text,Baschat,1/7,
placenta_cord,,,,,,,OBX UmbilicalCordFetus.VP_UmbilicalArteryUndefinedPI_DevRatio,,,float (NM),percentile,-20.9 (-20.9%),1/7,
placenta_cord,,,,,,,OBX UmbilicalCordFetus.VP_UmbilicalArteryUndefinedPI_Deviation,,,float (NM),decimal,-1.4 (-1.4SD),1/7,
placenta_cord,,,,,,,OBX UmbilicalCordFetus.VP_UmbilicalArteryUndefinedPI_Percentile,,,int (NM),percentile,9 (9%),1/7,
placenta_cord,,,,,,,OBX UmbilicalCordFetus.VP_UmbilicalArteryUndefinedPSV_Author,,,str (ST),coded_text,Ebbing,1/7,
placenta_cord,,,,,,,OBX UmbilicalCordFetus.VP_UmbilicalArteryUndefinedPSV_DevRatio,,,float (NM),percentile,-1.8 (-1.8%),1/7,
placenta_cord,,,,,,,OBX UmbilicalCordFetus.VP_UmbilicalArteryUndefinedPSV_Deviation,,,float (NM),decimal,-0.1 (-0.1SD),1/7,
placenta_cord,,,,,,,OBX UmbilicalCordFetus.VP_UmbilicalArteryUndefinedPSV_Percentile,,,int (NM),percentile,45 (45%),1/7,
placenta_cord,,,,,,,OBX UmbilicalCordFetus.VP_UmbilicalArteryUndefinedRI_Author,,,str (ST),coded_text,Schaffer,1/7,
placenta_cord,,,,,,,OBX UmbilicalCordFetus.VP_UmbilicalArteryUndefinedRI_DevRatio,,,float (NM),percentile,-21.3 (-21.3%),1/7,
placenta_cord,,,,,,,OBX UmbilicalCordFetus.VP_UmbilicalArteryUndefinedRI_Deviation,,,float (NM),decimal,-1.8 (-1.8SD),1/7,
placenta_cord,,,,,,,OBX UmbilicalCordFetus.VP_UmbilicalArteryUndefinedRI_Percentile,,,int (NM),percentile,4 (4%),1/7,
placenta_cord,,,,,,,OBX UmbilicalCordFetus.VP_UmbilicalArteryUndefinedSoverD_Author,,,str (ST),coded_text,Acharya,1/7,
placenta_cord,,,,,,,OBX UmbilicalCordFetus.VP_UmbilicalArteryUndefinedSoverD_DevRatio,,,float (NM),percentile,-27.1 (-27.1%),1/7,
placenta_cord,,,,,,,OBX UmbilicalCordFetus.VP_UmbilicalArteryUndefinedSoverD_Deviation,,,float (NM),decimal,-1.5 (-1.5SD),1/7,
placenta_cord,,,,,,,OBX UmbilicalCordFetus.VP_UmbilicalArteryUndefinedSoverD_Percentile,,,int (NM),percentile,7 (7%),1/7,
placenta_cord,,,,,,,OBX UmbilicalCordFetus.VP_UmbilicalArteryUndefinedTAmax_Author,,,str (ST),coded_text,Ebbing,1/7,
placenta_cord,,,,,,,OBX UmbilicalCordFetus.VP_UmbilicalArteryUndefinedTAmax_DevRatio,,,float (NM),percentile,-4.1 (-4.1%),1/7,
placenta_cord,,,,,,,OBX UmbilicalCordFetus.VP_UmbilicalArteryUndefinedTAmax_Deviation,,,float (NM),decimal,-0.3 (-0.3SD),1/7,
placenta_cord,,,,,,,OBX UmbilicalCordFetus.VP_UmbilicalArteryUndefinedTAmax_Percentile,,,int (NM),percentile,39 (39%),1/7,
placenta_cord,,,,,,,OBX UmbilicalCordFetus.VP_UmbilicalCordDetails_Mask,,,str (ST),free_text,3 vessel cord\.br\\.br\|2 vessel cord\.br\\.br\,6/7,
fetal_procedures,fetuses[].amniocentesis.amniocentesis.attempts,,int,integer,0,5/5,,,,,,,,
fetal_procedures,fetuses[].amniocentesis.amniocentesis.cc_fluid_wd,,int,integer,0,5/5,,,,,,,,
fetal_procedures,fetuses[].amniocentesis.amniocentesis.comps,,str,coded_text,Unspecified,5/5,,,,,,,,
fetal_procedures,fetuses[].amniocentesis.amniocentesis.done,,int,integer,0,5/5,,,,,,,,
fetal_procedures,fetuses[].amniocentesis.amniocentesis.fluid_char,,str,coded_text,Unspecified,5/5,,,,,,,,
fetal_procedures,fetuses[].amniocentesis.amniocentesis.needle_gauge,,int,integer,0,5/5,,,,,,,,
fetal_procedures,fetuses[].amniocentesis.amniocentesis.post_procedure_fetal_heart_motion,,str,coded_text,Unspecified,5/5,,,,,,,,
fetal_procedures,fetuses[].amniocentesis.amniocentesis.post_procedure_rh_factor,,str,coded_text,Unspecified,5/5,,,,,,,,
fetal_procedures,fetuses[].amniocentesis.amniocentesis.post_procedure_rhogam_admin,,str,coded_text,Unspecified,5/5,,,,,,,,
fetal_procedures,fetuses[].amniocentesis.amniocentesis.trans_plac,,str,coded_text,Unspecified,5/5,,,,,,,,
fetal_procedures,fetuses[].amniocentesis.amniocentesis.us_guidance,,int,integer,0,5/5,,,,,,,,
fetal_procedures,fetuses[].ectopic_preg.done,,int,integer,0,5/5,,,,,,,,
fetal_procedures,fetuses[].ectopic_preg.ect_loc,,str,coded_text,Unspecified,5/5,,,,,,,,
fetal_procedures,fetuses[].ectopic_preg.ect_size_a,,int,integer,0,5/5,,,,,,,,
fetal_procedures,fetuses[].ectopic_preg.ect_size_b,,int,integer,0,5/5,,,,,,,,
fetal_procedures,fetuses[].ectopic_preg.ect_size_c,,int,integer,0,5/5,,,,,,,,
fetal_procedures,fetuses[].fbscvs.cvs.attempts,,int,integer,0,5/5,,,,,,,,
fetal_procedures,fetuses[].fbscvs.cvs.comps,,str,coded_text,Unspecified,5/5,,,,,,,,
fetal_procedures,fetuses[].fbscvs.cvs.done,,int,integer,0,5/5,,,,,,,,
fetal_procedures,fetuses[].fbscvs.cvs.mg_of_villi,,int,integer,0,5/5,,,,,,,,
fetal_procedures,fetuses[].fbscvs.cvs.needle_gauge,,int,integer,0,5/5,,,,,,,,
fetal_procedures,fetuses[].fbscvs.cvs.trans_abd_cvs,,int,integer,0,5/5,,,,,,,,
fetal_procedures,fetuses[].fbscvs.cvs.trans_cx_cvs,,int,integer,0,5/5,,,,,,,,
fetal_procedures,fetuses[].fbscvs.cvs.trans_plac,,str,coded_text,Unspecified,5/5,,,,,,,,
fetal_procedures,fetuses[].fbscvs.cvs.us_guidance,,int,integer,0,5/5,,,,,,,,
fetal_procedures,fetuses[].fbscvs.cvs.villi_ob,,int,integer,0,5/5,,,,,,,,
fetal_procedures,fetuses[].fbscvs.fetal_blood_sampling.attempts,,int,integer,0,5/5,,,,,,,,
fetal_procedures,fetuses[].fbscvs.fetal_blood_sampling.cc_blood_wd,,int,integer,0,5/5,,,,,,,,
fetal_procedures,fetuses[].fbscvs.fetal_blood_sampling.comps,,str,coded_text,Unspecified,5/5,,,,,,,,
fetal_procedures,fetuses[].fbscvs.fetal_blood_sampling.done,,int,integer,0,5/5,,,,,,,,
fetal_procedures,fetuses[].fbscvs.fetal_blood_sampling.needle_gauge,,int,integer,0,5/5,,,,,,,,
fetal_procedures,fetuses[].fbscvs.fetal_blood_sampling.samp_site,,str,coded_text,Unspecified,5/5,,,,,,,,
fetal_procedures,fetuses[].fbscvs.fetal_blood_sampling.samp_site_txt,,str,empty,,5/5,,,,,,,,
fetal_procedures,fetuses[].fbscvs.fetal_blood_sampling.trans_plac,,str,coded_text,Unspecified,5/5,,,,,,,,
fetal_procedures,fetuses[].fbscvs.fetal_blood_sampling.us_guidance,,int,integer,0,5/5,,,,,,,,
fetal_procedures,fetuses[].otherprocs.fetal_reduction.done,,int,integer,0,5/5,,,,,,,,
fetal_procedures,fetuses[].otherprocs.fetal_reduction.outcome,,str,coded_text,Unspecified,5/5,,,,,,,,
fetal_procedures,fetuses[].otherprocs.fetal_reduction.type,,str,coded_text,Unspecified,5/5,,,,,,,,
fetal_procedures,fetuses[].otherprocs.fetal_transfusion.done,,int,integer,0,5/5,,,,,,,,
fetal_procedures,fetuses[].otherprocs.fetal_transfusion.success,,str,coded_text,Unspecified,5/5,,,,,,,,
fetal_procedures,fetuses[].otherprocs.fetal_transfusion.type,,str,coded_text,Unspecified,5/5,,,,,,,,
fetus_core,fetuses[].bpp.afv,,int,integer,0|2,5/5,,,,,,,,
fetus_core,fetuses[].bpp.breathing,,int,integer,0|2,5/5,,,,,,,,
fetus_core,fetuses[].bpp.mvmnt,,int,integer,0|2,5/5,,,,,,,,
fetus_core,fetuses[].bpp.nst,,int,integer,0,5/5,,,,,,,,
fetus_core,fetuses[].bpp.tone,,int,integer,0|2,5/5,,,,,,,,
fetus_core,fetuses[].bpp.total,,int,integer,0|8,5/5,,,,,,,,
fetus_core,fetuses[].fetus.anatomy_text,,str,coded_text|free_text,"The cerebellum appeared abnormal. Please see anatomy comments for further details. The fetal face appears normal. Anatomy of the fetal thorax appeared within normal limits. The cardiac size and structures appeared sonographically normal at the four chamber view, and cardiac rhythm was regular. The abdominal cavity appears normal. The fetal stomach appears normal. The right kidney appears within normal limits with respect to size, collection systems, and parenchyma. The left kidney appears within normal limits with respect to size, collection systems, and parenchyma. The fetal bladder appears normal. The abdominal wall appears intact. The spine was visualized from cervical to sacral region, within the resolution of the ultrasound equipment, without evidence of a neural tube defect. Active movement of the extremities was seen and fetal body motion was also observed during this examination. Normal genitalia. The placenta appears within normal limits. There is a 3 vessel cord with normal insertion site.|The fetal cranium appeared normal in shape. The choroid plexus was well visualized, the lateral ventricles were not dilated and the midline structures were not deviated. The cerebellum and cisterna magna were visualized and appeared normal. The fetal face appears normal. Anatomy of the fetal thorax appeared within normal limits. The cardiac size and structures appeared sonographically normal at the four chamber view, and cardiac rhythm was regular. The abdominal cavity appears normal. The fetal stomach appears normal. Abnormalities were noted in the right kidney:  please see the anatomy comments for further details. The left kidney appears within normal limits with respect to size, collection systems, and parenchyma. The fetal bladder appears normal. The abdominal wall appears intact. The spine was visualized from cervical to sacral region, within the resolution of the ultrasound equipment, without evidence of a neural tube defect. Active movement of the extremities was seen and fetal body motion was also observed during this examination. Normal genitalia. The placenta appears within normal limits. There is a 3 vessel cord with normal insertion site.|The fetal cranium appeared normal in shape. The choroid plexus was well visualized, the lateral ventricles were not dilated and the midline structures were not deviated. The cerebellum and cisterna magna were visualized and appeared normal. The fetal face appears normal. Anatomy of the fetal thorax appeared within normal limits. The cardiac position was not evaluated.         The abdominal cavity appears normal. The fetal stomach appears normal. The right kidney appears within normal limits with respect to size, collection systems, and parenchyma. The left kidney appears within normal limits with respect to size, collection systems, and parenchyma. The fetal bladder appears normal. Abnormal abdominal wall: please see the anatomy comments for further details. The spine was visualized from cervical to sacral region, within the resolution of the ultrasound equipment, without evidence of a neural tube defect. The left forearm appeared normal. The right humerus appeared normal. The left humerus appeared normal. The right forearm appeared normal. The right foot appeared normal. The left foot appeared normal. The right lower leg appeared normal. The left lower leg appeared normal. The right femur appeared normal. The left femur was not evaluated. The right hand appeared normal. The left hand  appeared normal. Normal genitalia. The placenta appears within normal limits. There is a 3 vessel cord with normal insertion site.|The calvarium was abnormal. Please see anatomy comments for details.|The fetal cranium appeared normal in shape. The choroid plexus was well visualized, the lateral ventricles were not dilated and the midline structures were not deviated. The cerebellum and cisterna magna were visualized and appeared normal. The fetal face appears normal. Anatomy of the fetal thorax appeared within normal limits. The four chamber view appeared abnormal. Please see anatomy comments for further details.        The abdominal cavity appears normal. The fetal stomach appears normal. The right kidney appears within normal limits with respect to size, collection systems, and parenchyma. The left kidney appears within normal limits with respect to size, collection systems, and parenchyma. The fetal bladder appears normal. The abdominal wall appears intact. The fetal spine was not visualized on today's exam due to fetal position. The fetal extremities were not assessed on today's exam. Normal genitalia. The placenta appears within normal limits. There is a 3 vessel cord with normal insertion site.",5/5,,,,,,,,
fetus_core,fetuses[].fetus.echo_text,,str,empty,,5/5,,,,,,,,
fetus_core,fetuses[].fetus.estimated_fetal_weight,,int,integer,0,5/5,,,,,,,,
fetus_core,fetuses[].fetus.fetal_echo_cardiac_axis_degrees,,int,integer,0,5/5,,,,,,,,
fetus_core,fetuses[].fetus.fetal_echo_performed,,int,integer,0,5/5,,,,,,,,
fetus_core,fetuses[].fetus.fetus_death,,int,integer,0,5/5,,,,,,,,
fetus_core,fetuses[].fetus.fetus_growth,,str,coded_text,Unspecified,5/5,,,,,,,,
fetus_core,fetuses[].fetus.fetus_number,,int,integer,1,5/5,,,,,,,,
fetus_core,fetuses[].fetus.fetus_presentation,,str,coded_text,Vertex|Breech|Unspecified,5/5,,,,,,,,
fetus_core,fetuses[].fetus.fetus_reduced,,int,integer,0,5/5,,,,,,,,
fetus_core,fetuses[].fetus.fetus_seen,,int,integer,1,5/5,,,,,,,,
fetus_core,fetuses[].fetus.ga_by_sonography,,float|int,decimal|integer,27|23.4|36.1|11.3|28.4,5/5,,,,,,,,
fetus_core,fetuses[].fetus.gender,,str,coded_text,Unspecified,5/5,OBX BabyPatientData.Gender,Fetal sex,Fetal sex,str (ST),coded_text,normal,5/7,
fetus_core,fetuses[].fetus.impression_text,,str,free_text,"Singleton IUPRegular fetal heart rate of 150 bpmAnterior placenta27 weeks and 0 days by this ultrasound. (EDD = OCT 1 2025)26 weeks and 4 days by 1st Trimester Sono. (EDD = OCT 4 2025)Estimated Fetal Weight = 1015 grams Hadlock 85 (AC, FL, HC)Estimated Fetal Weight = 2 lbs 4 oz Hadlock 85 (AC, FL, HC)Dandy Walker|Singleton IUPRegular fetal heart rate of 150 bpmAnterior placenta23 weeks and 3 days by this ultrasound. (EDD = FEB 16 2026)23 weeks and 4 days by Other. (EDD = OCT 25 2025)Estimated Fetal Weight = 598 grams Hadlock 85 (AC, FL, HC)Estimated Fetal Weight = 1 lbs 5 oz Hadlock 85 (AC, FL, HC)Renal agenesis|Singleton IUPRegular fetal heart rate of 150 bpmPosterior placenta36 weeks and 1 day by this ultrasound. (EDD = JUL 29 2025)35 weeks and 5 days by Other. (EDD = AUG 1 2025)Estimated Fetal Weight = 2778 grams Hadlock 85 (AC, FL, HC)Estimated Fetal Weight = 6 lbs 2 oz Hadlock 85 (AC, FL, HC)Omphalocele|Singleton IUPRegular fetal heart rate of 161 bpmPosterior placenta11 weeks and 2 days by this ultrasound. (EDD = JAN 20 2026)11 weeks and 0 days by 1st Trimester Sono. (EDD = JAN 22 2026)Acrania|Singleton IUPRegular fetal heart rate of 150 bpmPosterior placenta28 weeks and 3 days by this ultrasound. (EDD = SEP 22 2025)28 weeks and 0 days by 2nd Trimester Sono. (EDD = SEP 25 2025)Estimated Fetal Weight = 1274 grams Hadlock 85 (AC, FL, HC)Estimated Fetal Weight = 2 lbs 13 oz Hadlock 85 (AC, FL, HC)Hypoplastic left ventricle",5/5,,,,,,,,
fetus_core,fetuses[].fetus.multi_fetus_position_anterior_posterior,,str,coded_text,Unspecified,5/5,,,,,,,,
fetus_core,fetuses[].fetus.multi_fetus_position_left_right,,str,coded_text,Unspecified,5/5,,,,,,,,
fetus_core,fetuses[].fetus.multi_fetus_position_supine,,str,coded_text,Unspecified,5/5,,,,,,,,
fetus_core,fetuses[].fetus.use_early_anatomy_text,,int,integer,0,5/5,,,,,,,,
fetus_core,fetuses[].impression.fetus_anomalies[].abnom_or_nrml_var,,int,integer,2,5/5,,,,,,,,
fetus_core,fetuses[].impression.fetus_anomalies[].descr,,str,coded_text,Dandy Walker|Renal agenesis|Omphalocele|Acrania|Hypoplastic left ventricle,5/5,,,,,,,,
fetus_core,fetuses[].impression.fetus_anomalies[].fh_rec_no,,int,integer,451676|452064|452450|452836|453216,5/5,,,,,,,,
fetus_core,fetuses[].nst.decels_late,,int,integer,0,5/5,,,,,,,,
fetus_core,fetuses[].nst.decels_pro,,int,integer,0,5/5,,,,,,,,
fetus_core,fetuses[].nst.decels_var,,int,integer,0,5/5,,,,,,,,
fetus_core,fetuses[].nst.reactive,,int,integer,0,5/5,,,,,,,,
fetus_core,fetuses[].nst.spont_hyperstim,,int,integer,0,5/5,,,,,,,,
fetus_core,fetuses[].nst.time_end,,str,empty,,5/5,,,,,,,,
fetus_core,fetuses[].nst.time_start,,str,empty,,5/5,,,,,,,,
fetus_core,,,,,,,OBX Fetus.Identifier,Fetus Identifier,Fetus Identifier,str (ST),coded_text,A,7/7,
fetus_core,,,,,,,OBX Fetus.Movements,Fetal movements,Movements,str (ST),coded_text,movement and tone,6/7,
fetus_core,,,,,,,OBX Fetus.Presentation,Presentation,Presentation,str (ST),coded_text,transverse |cephalic|oblique superior|transverse,6/7,
indication_impression,exam.examIcd10Indication[].code,,str,coded_text,Z36.1|O09.529|O09.519,5/5,OBX CodingDiagnosis.Code,Code,Diagnosis code,str (ST),coded_text,Z3A.24|O76|O35.9XX0|Z3A.19|Z3A.13|Z36.82|O35.BXX0|Z3A.32|O35.EXX0|Z3A.28|...,7/7,
indication_impression,exam.examIcd10Indication[].description,,str,coded_text,"Encounter for antenatal screening for raised alphafetoprotein level|Supervision of elderly multigravida, unspecified trimester|Supervision of elderly primigravida, unspecified trimester",5/5,OBX CodingDiagnosis.Description,Description,Diagnosis description,str (ST),coded_text|free_text,"Weeks of gestation|Abnormality in fetal heart rate and rhythm complicating labor and delivery|Maternal care for (suspected) fetal abnormality and damage, unspecified|Encounter for Nuchal Translucency Screening|Maternal care for other (suspected) fetal abnormality and damage, fetal cardiac anomalies|UTD (pyelectasis) found|Maternal care for known or suspected placental insufficiency",7/7,
indication_impression,,,,,,,OBX Coding.AutoAcceptanceAlreadyPerformed,Auto acceptance,Auto acceptance already performed,str (ST),coded_text,true,7/7,
indication_impression,,,,,,,OBX CodingProcedure.Code,Code,Procedure code,str (ST),integer,76816|76825|76827|93325|76811|76801|76813|76820,7/7,
indication_impression,,,,,,,OBX CodingProcedure.Description,Description,Procedure description,str (ST),coded_text|free_text,"Ultrasound, pregnant uterus, real time with image documentation, follow up, transabdominal approach per fetus|Echocardiography, fetal, cardiovascular system, real time with image documentation (2D), with or without M-mode recording|Doppler echocardiography, pulsed wave and/or continuous wave with spectral display; complete|Doppler echocardiography color flow velocity mapping|Ultrasound, pregnant uterus, real time with image documentation, fetal and maternal evaluation plus detailed fetal anatomic examination, transabdominal approach;single or first gestation|Ultrasound, pregnant uterus, real time with image documentation, fetal and maternal evaluation, first trimester (< 14 weeks 0 days), transabdominal approach; single or first gestation|Ultrasound, pregnant uterus, real time with image documentation, first trimester fetal nuchal translucency measurement, transabdominal or transvaginal approach; single or first gestation|Doppler velocimetry, fetal; umbilical artery",7/7,
indication_impression,,,,,,,OBX ExamAddData.ExamImpression,Impression,Impression,str (ST),free_text,"The patient is referred for a fetal echocardiogram with multiple anomalies noted.. \.br\\.br\The fetal biometry is consistent with gestational dating derived from her menstrual history. The estimated fetal weight is 652 g at the 42%. Fetal movement and tone are observed. Oligohydramnios is noted with a single deepest pocket of 1.6 cm. \.br\\.br\Multiple anomalies are noted including""\.br\-Abnormal head shape (brachycephaly)\.br\-Bilateral ventriculomegaly\.br\-Major CHD consistent with AVSD and pulmonary stenosis.\.br\\.br\The patient is informed of the findings. She is counseled about the limitations of the exam in detecting all forms of fetal congenital abnormalities. |The patient is referred for a detailed morphology ultrasound for the detection of fetal anomalies. \.br\\.br\The fetal biometry is consistent with gestational dating derived from her menstrual history. Fetal movement and tone are observed. The amniotic fluid volume appears normal with a single deepest pocket of 2 cm. \.br\\.br\Multiple anomalies are noted including""\.br\-Abnormal head shape (brachycephaly)\.br\-Bilateral ventriculomegaly\.br\-Thickened nuchal fold\.br\-Major CHD consistent with AVSD.\.br\\.br\The patient is informed of the findings. She is counseled about the limitations of the exam in detecting all forms of fetal congenital abnormalities. |This patient is referred for a detailed first trimester ultrasound for the early detection of fetal anomalies including the nuchal translucency measurement.\.br\ \.br\Transabdominal  images reveal a single intrauterine gestation with positive cardiac activity noted. Fetal crown rump length measurements are consistent with gestational dating derived from today's scan. Fetal movement is noted. The fetal anatomy appears normal for this gestational age; please see comments above for full details. \.br\\.br\A cystic hygroma is noted. The nuchal translucency measures 4 mm at the >99%.\.br\ \.br\The patient is informed of the findings. She is counseled about the limitations of the exam in detecting all forms of fetal congenital abnormalities. |This patient is referred for a fetal echocardiogram with suspected cardiac anomaly.\.br\\.br\The fetal biometry is consistent with gestational dating derived from her stated EDD. The estimated fetal weight is 679 g at the 54%. The amniotic fluid volume appears normal with a single deepest pocket of 5.4 cm. The fetal anatomy appears normal. \.br\\.br\A 2-vessel umbilical cord is noted.\.br\\.br\Detailed evaluation of fetal cardiac structure and function reveals a major CHD consistent with Ebstein's anomaly; please see comments above for full details.\.br\\.br\The patient is informed of the findings. She is counseled about the limitations of the ultrasound exam in detecting all forms of fetal congenital cardiac abnormalities. |This patient is referred for interval fetal growth with UTD noted on an outside scan.\.br\\.br\The fetal biometry is consistent with gestational dating derived from her stated EDD. The estimated fetal weight is 1942 g, at the 36%. Fetal movement and tone are observed. The amniotic fluid volume appears normal with a single deepest pocket of 4.6 cm. \.br\\.br\Urinary tract dilation (UTD A2-3) is noted in the right kidney measuring 11.2 mm and in the left kidney measuring 13.4 mm. The renal parenchyma appears normal in size and echogenicity. Normal bladder filling is noted without evidence of ureterocele or ureter dilation. UTD occurs in 1% to 2% of pregnancies and is most commonly a transient finding that is a normal variant. UTD may indicate renal or urinary tract pathology and may also be a marker of Trisomy 21. The association between Trisomy 21 and UTD has been well described in several series, and the finding of UTD confers a positive LR of 1.5, suggesting a minimal risk. For pregnant patients with negative serum or cfDNA screening results and isolated UTD, we recommend no further aneuploidy evaluation. For fetuses with isolated UTD A1, we recommend an ultrasound examination at about 32 weeks of gestation and pediatric urology consultation. For fetuses with UTD A2-3, we recommend ultrasound assessment every 4-6 weeks and pediatric urology. \.br\\.br\The patient is informed of the findings. She is counseled about the limitations of the ultrasound exam in detecting all forms of fetal congenital cardiac abnormalities. |This patient is referred for interval fetal growth with FGR.\.br\\.br\The fetal biometry is consistent with gestational dating derived from her stated EDD. The estimated fetal weight is 918 g, at the 3%. Fetal movement and tone are observed. The amniotic fluid volume appears normal with a single deepest pocket of 3.4 cm. \.br\\.br\Doppler velocimetry evaluation of the umbilical artery is within normal limits for this gestational age. \.br\\.br\The patient is informed of the findings. She is counseled about the limitations of the ultrasound exam in detecting all forms of fetal congenital cardiac abnormalities. |The patient is referred for a detailed morphology ultrasound for the detection of fetal anomalies. \.br\\.br\The fetal biometry is consistent with gestational dating derived from her menstrual history. Fetal movement and tone are observed. The amniotic fluid volume appears normal with a single deepest pocket of 4.3 cm. \.br\\.br\Today's findings include:\.br\- Abnormal skull shape (cloverleaf)\.br\- Right lateral ventriculomegaly\.br\- Hypoplasia of the cerebellum\.br\\.br\The patient is informed of the findings. She is counseled about the limitations of the exam in detecting all forms of fetal congenital abnormalities. ",7/7,
indication_impression,,,,,,,OBX ExamAddData.ExamRecommendation,Follow-up,Recommendation/follow-up,str (ST),coded_text,We recommend a follow up scan only as clinically indicated. |A fetal echocardiogram is scheduled in 4 weeks.|A morphology scan is scheduled|We recommend a follow-up scan only as clinically indicated.,7/7,
indication_impression,,,,,,,OBX ExamCodingIndication.Indication,Indication,Indication,str (ST),coded_text,"Known or suspected fetal anomaly|Fetal Distress, Known or Suspected|Encounter for Nuchal Translucency Screening|Known fetal cardiac abnormality|UTD (pyelectasis) found|Fetal Growth Restriction",7/7,
dating,exam.age_at_menopause,,int,integer,0,5/5,,,,,,,,
dating,exam.ga_by_dates,,int,integer,0,5/5,,,,,,,,
dating,exam.ga_by_working_edd,,float|int,decimal|integer,26.6|23.6|35.7|11|28,5/5,,,,,,,,
dating,exam.lmp,,str,date,0001-01-01,5/5,,,,,,,,
dating,exam.pt_age_at_edd,,int,integer,45|44|43|42|41,5/5,,,,,,,,
dating,,,,,,,OBX AntenatalBookingHistory.EDDAgreed,Assigned EDD,Assigned estimated date of delivery,str (DT),date,20260113|20251030|20250901|20251001|20251101,7/7,
dating,,,,,,,OBX EpisodeHistory.AgreedDatingString,Assigned,Assigned dating,str (ST),coded_text,"based on ultrasound (CRL), selected on 07/10/2025|based on stated EDD, selected on 07/10/2025",7/7,
dating,,,,,,,OBX EpisodeHistory.DefaultLengthofPregnancy,Pregnancy length,Pregnancy length,int (NM),integer,280,7/7,
dating,,,,,,,OBX EpisodeHistory.EDDAgreed,Assigned EDD,Assigned estimated date of delivery,str (DT),date,20260113|20251030|20250901|20251001|20251101,7/7,
dating,,,,,,,OBX EpisodeHistory.EDDbyStatedDating,EDD by prior assessment,Estimated date of delivery by prior assessment,str (DT),date,20251030|20250901|20251001|20251101,4/7,
dating,,,,,,,OBX ExamOBDating.DateOfUltrasoundExamination,Ultrasound examination on,Date of Ultrasound examination,str (DT),date,20250923|20250820|20250710,7/7,
dating,,,,,,,OBX ExamOBDating.EDDCurrentUltrasoundFetus1,EDD by U/S,Estimated date of delivery by current Ultrasound (Fetus 1),str (DT),date,20260107|20260117|20260113|20251024|20250904|20251013|20251106,7/7,
dating,,,,,,,OBX ExamOBDating.GestationalAgeDaysAgreed,Assigned GA (weeks days),Assigned gestational age (weeks days),int (NM),weeks_days,168 (24w 0d)|134 (19w 1d)|93 (13w 2d)|227 (32w 3d)|197 (28w 1d)|166 (23w 5d),7/7,
dating,,,,,,,OBX ExamOBDating.GestationalAgeDaysStatedDating,GA by prior assessment,Gestational age (days) by prior assessment,int (NM),weeks_days,168 (24w 0d)|227 (32w 3d)|197 (28w 1d)|166 (23w 5d),4/7,
dating,,,,,,,OBX ExamOBDating.GestationalAgeDaysUltrasoundFetus1,GA by U/S,Gestational age (days) by Ultrasound of fetus 1,int (NM),weeks_days,174 (24w 6d)|130 (18w 4d)|93 (13w 2d)|224 (32w 0d)|185 (26w 3d)|161 (23w 0d),7/7,
dating,,,,,,,OBX ExamOBDating.MethodOfDating,Method of dating,Selected method of dating,str (ST),coded_text,based on ultrasound|based on stated EDD,5/7,
dating,,,,,,,OBX ExamOBDating.MethodOfDatingUSIncludedParameterFetus1,GA by U/S based upon,Gestational age by ultrasound based upon parameters (Fetus 1),str (ST),coded_text,"AC, BPD, Femur, HC|AC, BPD, Femur|CRL",7/7,
maternal_subject,exam.ob_gyn_history.ect_preg_num_left,,int,integer,0,5/5,,,,,,,,
maternal_subject,exam.ob_gyn_history.ect_preg_num_other,,int,integer,0,5/5,,,,,,,,
maternal_subject,exam.ob_gyn_history.ect_preg_num_right,,int,integer,0,5/5,,,,,,,,
maternal_subject,exam.ob_gyn_history.f_term,,int,integer,0,5/5,,,,,,,,
maternal_subject,exam.ob_gyn_history.gravida,,int,integer,0,5/5,OBX PatientAnamnesticData.Gravida,Gravida,Gravida,int (NM),integer,1,7/7,
maternal_subject,exam.ob_gyn_history.liv_children,,int,integer,0,5/5,,,,,,,,
maternal_subject,exam.ob_gyn_history.p_term,,int,integer,0,5/5,,,,,,,,
maternal_subject,exam.ob_gyn_history.para,,int,integer,0,5/5,OBX PatientAnamnesticData.Para,Para,Para,int (NM),integer,0,7/7,
maternal_subject,exam.ob_gyn_history.s_abort,,int,integer,0,5/5,,,,,,,,
maternal_subject,exam.ob_gyn_history.stl_born,,int,integer,0,5/5,,,,,,,,
maternal_subject,exam.ob_gyn_history.t_abort,,int,integer,0,5/5,,,,,,,,
maternal_subject,exam.patient.b_date,,str,date,1980-04-01|1981-05-02|1982-06-03|1983-07-04|1984-08-05,5/5,,,,,,,,
maternal_subject,exam.patient.first_name,,str,coded_text,Sally,5/5,OBX PatientHistory.FirstName,First name,First name,str (ST),coded_text,Test5|Test4|Test3|Test2|Test1,7/7,
maternal_subject,exam.patient.last_name,,str,coded_text,Apple|Blue|Charm|Diva|Eclair,5/5,OBX PatientHistory.Name,Last name,Last name,str (ST),coded_text,Phenotype,7/7,
maternal_subject,exam.pt_age_at_exam,,int,integer,45|44|43|41|40,5/5,,,,,,,,
maternal_subject,hist_phys_vitals.surgeries,,null,empty,,5/5,,,,,,,,
maternal_subject,hist_phys_vitals.vital_signs.bmi,,float|int,decimal|integer,0|25|29.3,5/5,,,,,,,,
maternal_subject,hist_phys_vitals.vital_signs.height_feet,,int,integer,0|5,5/5,,,,,,,,
maternal_subject,hist_phys_vitals.vital_signs.height_inches,,int,integer,0|5|7,5/5,,,,,,,,
maternal_subject,hist_phys_vitals.vital_signs.initial_blood_pressure_dia,,int,integer,0,5/5,,,,,,,,
maternal_subject,hist_phys_vitals.vital_signs.initial_blood_pressure_sys,,int,integer,0,5/5,,,,,,,,
maternal_subject,hist_phys_vitals.vital_signs.initial_plood_uressurelse,,int,integer,0,5/5,,,,,,,,
maternal_subject,hist_phys_vitals.vital_signs.later_bp_dia,,int,integer,0,5/5,,,,,,,,
maternal_subject,hist_phys_vitals.vital_signs.later_bp_sys,,int,integer,0,5/5,,,,,,,,
maternal_subject,hist_phys_vitals.vital_signs.later_pulse,,int,integer,0,5/5,,,,,,,,
maternal_subject,hist_phys_vitals.vital_signs.time_vitals_rec_init,,str,empty,,5/5,,,,,,,,
maternal_subject,hist_phys_vitals.vital_signs.weight_lb,,int,integer,0|150|187,5/5,,,,,,,,
maternal_subject,,,,,,,OBX MaternalScreeningTests.Print,Print,Print,str (ST),coded_text,Print,7/7,
maternal_subject,,,,,,,OBX PatientFamilyHistory.PatientFamilyHistoryDetails,Details,Details of family history,str (ST),coded_text,spina bifida,1/7,
maternal_subject,,,,,,,OBX PatientFamilyHistory.Print,Print,Family history is needed to be in report,str (ST),coded_text,Print,1/7,
maternal_subject,,,,,,,OBX PatientFamilyHistory.RelativeHistory,Relative,Relative,str (ST),coded_text,Father,1/7,
maternal_subject,,,,,,,OBX PatientHistory.Country,Country,Country,str (ST),coded_text,USA,7/7,
maternal_subject,,,,,,,OBX PatientHistory.DOB,DOB,Date of birth,str (DT),date,20010101,1/7,
maternal_subject,,,,,,,OBX PatientHistory.Sex,Sex,Sex,str (ST),coded_text,unknown,7/7,
encounter,exam.accession_id,,str,empty,,5/5,,,,,,,,
encounter,exam.disc_perc,,int,integer,0,5/5,,,,,,,,
encounter,exam.examHL7Orders,,null,empty,,5/5,,,,,,,,
encounter,exam.examReferring[].assgnd_id,,int,integer,16,5/5,,,,,,,,
encounter,exam.examReferring[].name,,str,coded_text,Ronald Wapner,5/5,,,,,,,,
encounter,exam.examTypes,,null,empty,,5/5,,,,,,,,
encounter,exam.exm_date,,str,date,2025-07-02|2025-07-03,5/5,,,,,,,,
encounter,exam.exm_locator,,str,coded_text,AP10174-U-1-1|BL10175-U-1-1|CH10176-U-1-1|DI10177-U-1-1|EC10178-U-1-1,5/5,,,,,,,,
encounter,exam.exm_signed,,int,integer,1,5/5,,,,,,,,
encounter,exam.fetus_count,,int,integer,1,5/5,,,,,,,,
encounter,exam.scope_name,,str,coded_text,Limited OB Exam,5/5,,,,,,,,
encounter,exam.site_name,,str,coded_text,51 W51st Street,5/5,,,,,,,,
encounter,finalize.attendingMD.assgnd_id,,int,integer,30,5/5,,,,,,,,
encounter,finalize.attendingMD.examiner_no,,int,integer,3,5/5,,,,,,,,
encounter,finalize.attendingMD.name,,str,coded_text,Ivette Miranda,5/5,,,,,,,,
encounter,finalize.examIcd10Diagnosis,,null,empty,,5/5,,,,,,,,
encounter,finalize.examinerTwo.assgnd_id,,int,integer,30,5/5,,,,,,,,
encounter,finalize.examinerTwo.examiner_no,,int,integer,2,5/5,,,,,,,,
encounter,finalize.examinerTwo.name,,str,coded_text,Ivette Miranda,5/5,,,,,,,,
encounter,finalize.generalComment.formatted_text,,str,empty,,5/5,,,,,,,,
encounter,finalize.generalComment.plain_text,,str,free_text,"The patient was referred for a fetal anatomical survey.  Sonographic measurements were consistent with the expected gestational age. The amniotic fluid volume was normal. A detailed fetal anatomic survey was performed. The sonogram was significant for splaying of the cerebellar hemispheres. There was evidence of a cyst measuring __ connecting with the fourth ventricle. This is consistent with a Dandy-Walker malformation. The remainder of the fetal anatomy seen appeared normal within the resolution of the ultrasound. There was no evidence of macrocephaly, ventriculomegaly or agenesis of the corpus callosum.Due to the limited visualization of the cervix by the transabdominal approach, it was necessary to perform a transvaginal ultrasound. Transvaginal sonogram revealed a long, closed cervix. There were no changes noted with the Valsalva maneuver. A chaperone was present for the transvaginal ultrasound.The patient should be informed of the findings and counseled about the limitations of the exam. Although the absence of any sonographic markers reduces the likelihood of fetal aneuploidy, a normal ultrasound exam cannot exclude abnormal fetal genetics; definitive determination requires diagnostic genetic testing. Thank you for involving us in the care of the patient.|The patient was referred for a fetal anatomical survey.Sonographic measurements were consistent with the expected gestational age. A detailed fetal anatomic survey was performed and revealed a normal left kidney with a an empty right renal fossa. The right kidney was not visualized and suggest a unilateral renal agenesis.  Color Doppler were used to identified a left renal artery and an absent right renal artery to confirm the diagnosis.  The amniotic fluid was subjectively normal. The rest of the fetal anatomy seen appeared normal within the resolution of the ultrasound. The patient was counseled that this finding has a low risk of anuploidy. There will be a risk of left renal hypertrophy by a compensatory contralateral kidney. She understands that unilateral renal agenesis is associated with Mullerian anomalies in about 40% of  the females with possible unicornuate or bicornuate uterus. Although ultrasound is an effective screening tool, it cannot exclude all congenital anomalies or genetic syndromes. The patient needs a  fetal echo and Pediatric Urology consult. A follow-up ultrasound is advised in 4-6 weeks to reassess fetal growth. Thank you for involving us in the care of the patient.|The patient was referred for a fetal anatomical survey.  The fetus was appropriately grown and the amniotic fluid volume was normal. An abdominal wall defect consistent with a omphalocele was noted on today's exam.Omphalocele is a condition in which a baby's abdominal organs develop outside their belly. Babies with an omphalocele may also have other health conditions. The exam, however, was limited and all of the anatomical structures could not be satisfactorily visualized.  Due to the limited visualization of the cervix by the transabdominal approach, it was necessary to perform a transvaginal ultrasound. Transvaginal sonogram revealed a long, closed cervix. There were no changes noted with the Valsalva maneuver. A chaperone was present for the transvaginal ultrasound.The patient should be informed of the findings and counseled about the limitations of the exam. Although the absence of any sonographic markers reduces the likelihood of fetal aneuploidy, a normal ultrasound exam cannot exclude abnormal fetal genetics; definitive determination requires diagnostic genetic testing. A follow up exam is recommended prior to 23 weeks to complete the anatomical survey and to increase the detection rate of malformations diagnosed prenatally. Thank you for this referral.|The patient was seen today for confirmation of pregnancy dating and nuchal translucency measurement. This is an IVF pregnancy with BMI of 33.8Transabdominal sonography was performed and revealed a singleton live intrauterine gestation. Due to limited visualization of the pregnancy transabdominally, a transvaginal exam was performed. The transvaginal exam confirmed the presence of a singleton live intrauterine gestation. Sonographic measurements were consistent with assigned gestational age. A normal fetal heart rate was noted. The amniotic fluid volume appeared normal. Views of the fetal head were suspicious for a cranial anomaly. Specifically, absence of the cranial vault and distortion of the brain is suspected, suggestive of acrania.The uterus and both ovaries were visualized and appeared normal.  No adnexal masses were noted.A follow-up scan is recommended between 11-14 weeks for the nuchal translucency assessment and early anatomy. The patient should also be counseled regarding options for aneuploidy screening and diagnostic testing if not done previously. Thank you for the referral.|The patient was referred for a fetal anatomical survey.  The fetus was appropriately grown and the amniotic fluid volume was normal. Views of the fetal heart were suspicious for a cardiac anomaly. Specifically, a small ascending aorta, and a small but thick-walled left ventricle and enlarged right heart chambers were visualized.The exam, however, was limited and all of the anatomical structures could not be satisfactorily visualized.  Due to the limited visualization of the cervix by the transabdominal approach, it was necessary to perform a transvaginal ultrasound. Transvaginal sonogram revealed a long, closed cervix. There were no changes noted with the Valsalva maneuver. A chaperone was present for the transvaginal ultrasound.The patient should be informed of the findings and counseled about the limitations of the exam. Although the absence of any sonographic markers reduces the likelihood of fetal aneuploidy, a normal ultrasound exam cannot exclude abnormal fetal genetics; definitive determination requires diagnostic genetic testing. A follow up exam is recommended prior to 23 weeks to complete the anatomical survey and to increase the detection rate of malformations diagnosed prenatally. Thank you for this referral.",5/5,,,,,,,,
encounter,,,,,,,OBX EpisodeHistory.NumberOfFetuses,Number of gestational sacs/ fetuses/ babies,Number of gestational sacs/ fetuses/ babies,str (ST),integer,1,7/7,
encounter,,,,,,,OBX EpisodeHistory.TypeOfGestation,Type of gestation,Type of gestation,str (ST),coded_text,Singleton pregnancy,7/7,
encounter,,,,,,,OBX Exam.@@Exam,Case ID,Case ID,int (NM),integer,18158349|18157436|18157386|18157336|18157286,7/7,
encounter,,,,,,,OBX Exam.@@ExamType,Exam type,Examination type,int (NM),integer,63|60|58,7/7,
encounter,,,,,,,OBX Exam.@@Patient,Patient ID,Patient ID,int (NM),integer,600697|600647|600597|600547|600497,7/7,
encounter,,,,,,,OBX Exam.@@VPDepartment,Department,Department,int (NM),integer,2,7/7,
encounter,,,,,,,OBX Exam.@Id,Exam ID,Exam ID,int (NM),integer,18159164|18158351|18158350|18157437|18157387|18157337|18157287,7/7,
encounter,,,,,,,OBX Exam.CreatedAt,Created at,Exam creation timestamp,str (TS),timestamp,20250710155219|20250710144937|20250710135410|20250710135358|20250710135345|20250710135333,7/7,
encounter,,,,,,,OBX Exam.ExamDate,Exam date,Exam date,str (DT),date,20250923|20250820|20250710,7/7,
encounter,,,,,,,OBX Exam.ExamTime,Time,Time,str (TM),time,154538|144800|144351|135406|135352|135341|135329,7/7,
encounter,,,,,,,OBX Exam.Export,Export,Export,str (ST),coded_text,N,7/7,
encounter,,,,,,,OBX Exam.LangID,Language,Language,int (NM),integer,1033,7/7,
encounter,,,,,,,OBX Exam.Role,Role,Role,str (ST),coded_text,E,7/7,
encounter,,,,,,,OBX ExamAddData.AgeatExamDate,Age,Age (at exam date),int (NM),integer,24,1/7,
encounter,,,,,,,OBX ExamAddData.ExamState,Exam status,Exam status,str (ST),coded_text,Report finalized,7/7,
encounter,,,,,,,OBX ExamAddData.ExamTitle,Exam subtype,Subtype of the exam,str (ST),coded_text,Fetal Echocardiogram|Detailed Anatomy Assessment|Detailed First Trimester Anatomy with Nuchal Translucency |Fetal Echocardiogram with Detailed Anatomy Assessment |Interval Fetal Growth|Interval Fetal Growth ,7/7,
encounter,,,,,,,OBX ExamAddData.Operator1,Sonographer,Sonographer,str (ST),coded_text,"Aimee Heeze, RDMS",7/7,
encounter,,,,,,,OBX ExamAddData.Operator3,Reading physician,Reading physician,str (ST),coded_text,"Juliana Gevaerd Martins, M.D.",7/7,
encounter,,,,,,,OBX ExamAddData.OperatorId3,<OperatorId3.ShortLabel>,<OperatorId3.LongLabel>,int (NM),integer,96,7/7,
encounter,,,,,,,OBX ExamContact.@@Contact_ref1,<@@Contact_ref1.ShortLabel>,<@@Contact_ref1.LongLabel>,int (NM),integer,15894,7/7,
encounter,,,,,,,OBX ExamContact.@@Listitem,<@@Listitem.ShortLabel>,<@@Listitem.LongLabel>,int (NM),integer,5545,7/7,
encounter,,,,,,,OBX ExamStateHistory.@Id,ID,Exam state history ID,int (NM),integer,52213858|52213859|56089357|52212459|52213857|56089307|52212457|52212458|56089207|52210307|...,7/7,
encounter,,,,,,,OBX ExamStateHistory.Date,Date,Exam state history date,str (DT),date,20250710|20260410,7/7,
encounter,,,,,,,OBX ExamStateHistory.NewState,New state,New state,str (ST),coded_text,New exam|Scan started|Report finalized,7/7,
encounter,,,,,,,OBX ExamStateHistory.StationName,Station name,Station name,str (ST),coded_text,EVMC1LK5Q54|JEDI1|EVMCJKH4Q54,7/7,
encounter,,,,,,,OBX ExamStateHistory.Time,Time,Exam state history time,str (TM),time,154538|154808|170739|144800|151706|170725|144351|144604|170712|135406|...,7/7,
encounter,,,,,,,OBX ExamStateHistory.UserLoginName,User login name,User login name,str (ST),coded_text,HeezeAL|admin,7/7,
encounter,,,,,,,OBX ImagingParameters.ExamConditions,View,View,str (ST),coded_text,Adequate,5/7,
encounter,,,,,,,OBX ImagingParameters.ImagingProcedure,Device/Procedure,Device/Procedure,str (ST),coded_text,"Voluson E22, Transabdominal ultrasound examination|Voluson E22, Transabdominal and transvaginal ultrasound examination|Voluson E22. Transabdominal ultrasound examination",7/7,
encounter,,,,,,,OBX VP_MDT_SR_Files.Date,Date of MDT,Date of MDT,str (DT),date,20250710|20250717|20260410,7/7,
encounter,,,,,,,OBX VP_MDT_SR_Files.Module,Module,Module,str (ST),coded_text,vpmain|VPMain,7/7,
encounter,,,,,,,OBX VP_MDT_SR_Files.UID,UID,UID,str (ST),coded_text,1.2.276.0.26.1.1.1.2.2025.227.71280.5185292|1.2.276.0.26.1.1.1.2.2025.227.69458.2785070|1.2.276.0.26.1.1.1.2.2025.227.67594.4521521|1.2.276.0.26.1.1.1.2.2025.227.67300.7632879|1.2.276.0.26.1.1.1.2.2025.227.67054.4259429|1.2.276.0.26.1.1.1.2.2025.227.66784.4374300|1.2.276.0.26.1.1.1.2.2025.227.66530.7405429,7/7,
encounter,,,,,,,OBX WarningMessage,,,str (ST),free_text,"Exam contains manually modified mask texts, thus discrete values may be inaccurate.",6/7,
non_fetal_gyn,adnexa.left.done,,int,integer,0,5/5,,,,,,,,
non_fetal_gyn,adnexa.left.ovry_loc,,str,coded_text,Unspecified,5/5,,,,,,,,
non_fetal_gyn,adnexa.left.ovry_seen,,str,coded_text,Unspecified,5/5,,,,,,,,
non_fetal_gyn,adnexa.left.ovry_size_a,,int,integer,0,5/5,,,,,,,,
non_fetal_gyn,adnexa.left.ovry_size_b,,int,integer,0,5/5,,,,,,,,
non_fetal_gyn,adnexa.left.ovry_size_c,,int,integer,0,5/5,,,,,,,,
non_fetal_gyn,adnexa.left.ovry_surg_abs,,int,integer,0,5/5,,,,,,,,
non_fetal_gyn,adnexa.left.ovry_vol,,int,integer,0,5/5,,,,,,,,
non_fetal_gyn,adnexa.left.tube_hydrosalpinx,,int,integer,0,5/5,,,,,,,,
non_fetal_gyn,adnexa.left.tube_hydrosalpinx_size_a,,int,integer,0,5/5,,,,,,,,
non_fetal_gyn,adnexa.left.tube_hydrosalpinx_size_b,,int,integer,0,5/5,,,,,,,,
non_fetal_gyn,adnexa.left.tube_hydrosalpinx_size_c,,int,integer,0,5/5,,,,,,,,
non_fetal_gyn,adnexa.left.tube_hydrosalpinx_volume,,int,integer,0,5/5,,,,,,,,
non_fetal_gyn,adnexa.left.tube_nrml,,str,coded_text,Unspecified,5/5,,,,,,,,
non_fetal_gyn,adnexa.left.tube_seen,,str,coded_text,Unspecified,5/5,,,,,,,,
non_fetal_gyn,adnexa.left.tube_surg_abs,,int,integer,0,5/5,,,,,,,,
non_fetal_gyn,adnexa.masses,,null,empty,,5/5,,,,,,,,
non_fetal_gyn,adnexa.right.done,,int,integer,0,5/5,,,,,,,,
non_fetal_gyn,adnexa.right.ovry_loc,,str,coded_text,Unspecified,5/5,,,,,,,,
non_fetal_gyn,adnexa.right.ovry_seen,,str,coded_text,Unspecified,5/5,,,,,,,,
non_fetal_gyn,adnexa.right.ovry_size_a,,int,integer,0,5/5,,,,,,,,
non_fetal_gyn,adnexa.right.ovry_size_b,,int,integer,0,5/5,,,,,,,,
non_fetal_gyn,adnexa.right.ovry_size_c,,int,integer,0,5/5,,,,,,,,
non_fetal_gyn,adnexa.right.ovry_surg_abs,,int,integer,0,5/5,,,,,,,,
non_fetal_gyn,adnexa.right.ovry_vol,,int,integer,0,5/5,,,,,,,,
non_fetal_gyn,adnexa.right.tube_hydrosalpinx,,int,integer,0,5/5,,,,,,,,
non_fetal_gyn,adnexa.right.tube_hydrosalpinx_size_a,,int,integer,0,5/5,,,,,,,,
non_fetal_gyn,adnexa.right.tube_hydrosalpinx_size_b,,int,integer,0,5/5,,,,,,,,
non_fetal_gyn,adnexa.right.tube_hydrosalpinx_size_c,,int,integer,0,5/5,,,,,,,,
non_fetal_gyn,adnexa.right.tube_hydrosalpinx_volume,,int,integer,0,5/5,,,,,,,,
non_fetal_gyn,adnexa.right.tube_nrml,,str,coded_text,Unspecified,5/5,,,,,,,,
non_fetal_gyn,adnexa.right.tube_seen,,str,coded_text,Unspecified,5/5,,,,,,,,
non_fetal_gyn,adnexa.right.tube_surg_abs,,int,integer,0,5/5,,,,,,,,
non_fetal_gyn,cervix.cervix.cecrlage_elective,,int,integer,0,5/5,,,,,,,,
non_fetal_gyn,cervix.cervix.cecrlage_emergency,,int,integer,0,5/5,,,,,,,,
non_fetal_gyn,cervix.cervix.cecrlage_ga_placement,,int,integer,0,5/5,,,,,,,,
non_fetal_gyn,cervix.cervix.cecrlage_lower_cx_post_tfp,,int,integer,0,5/5,,,,,,,,
non_fetal_gyn,cervix.cervix.cecrlage_lower_cx_standing,,int,integer,0,5/5,,,,,,,,
non_fetal_gyn,cervix.cervix.cecrlage_lower_cx_supine,,int,integer,0,5/5,,,,,,,,
non_fetal_gyn,cervix.cervix.cecrlage_mcdonald,,int,integer,0,5/5,,,,,,,,
non_fetal_gyn,cervix.cervix.cecrlage_shirodkar,,int,integer,0,5/5,,,,,,,,
non_fetal_gyn,cervix.cervix.cecrlage_upper_cx_post_tfp,,int,integer,0,5/5,,,,,,,,
non_fetal_gyn,cervix.cervix.cecrlage_upper_cx_standing,,int,integer,0,5/5,,,,,,,,
non_fetal_gyn,cervix.cervix.cecrlage_upper_cx_supine,,int,integer,0,5/5,,,,,,,,
non_fetal_gyn,cervix.cervix.cervicx_length_post_tfp,,int,integer,0,5/5,,,,,,,,
non_fetal_gyn,cervix.cervix.cervicx_length_standing,,int,integer,0,5/5,,,,,,,,
non_fetal_gyn,cervix.cervix.cervicx_length_supine,,float|int,decimal|integer,0|3.5,5/5,,,,,,,,
non_fetal_gyn,cervix.cervix.dilation,,int,integer,0,5/5,,,,,,,,
non_fetal_gyn,cervix.cervix.done,,int,integer,1|0,5/5,,,,,,,,
non_fetal_gyn,cervix.cervix.dynamic_chngs,,str,coded_text,Unspecified,5/5,,,,,,,,
non_fetal_gyn,cervix.cervix.exam_performed_by_us,,int,integer,0,5/5,,,,,,,,
non_fetal_gyn,cervix.cervix.exam_performed_manually,,int,integer,0,5/5,,,,,,,,
non_fetal_gyn,cervix.cervix.funneling,,str,coded_text,Unspecified,5/5,OBX Cervix.FunnellingYN,Funneling,Presence of cervical funneling,str (ST),coded_text,Funneling absent,2/7,
non_fetal_gyn,cervix.cervix.funneling_lngth_post_tfp,,int,integer,0,5/5,,,,,,,,
non_fetal_gyn,cervix.cervix.funneling_lngth_standing,,int,integer,0,5/5,,,,,,,,
non_fetal_gyn,cervix.cervix.funneling_lngth_supine,,int,integer,0,5/5,,,,,,,,
non_fetal_gyn,cervix.cervix.funneling_percent_post_tfp,,int,integer,0,5/5,,,,,,,,
non_fetal_gyn,cervix.cervix.funneling_percent_standing,,int,integer,0,5/5,,,,,,,,
non_fetal_gyn,cervix.cervix.funneling_percent_supine,,int,integer,0,5/5,,,,,,,,
non_fetal_gyn,cervix.cervix.funneling_width_post_tfp,,int,integer,0,5/5,,,,,,,,
non_fetal_gyn,cervix.cervix.funneling_width_standing,,int,integer,0,5/5,,,,,,,,
non_fetal_gyn,cervix.cervix.funneling_width_supine,,int,integer,0,5/5,,,,,,,,
non_fetal_gyn,cervix.cervix.int_os_to_ext_os_post_tfp,,int,integer,0,5/5,,,,,,,,
non_fetal_gyn,cervix.cervix.int_os_to_ext_os_standing,,int,integer,0,5/5,,,,,,,,
non_fetal_gyn,cervix.cervix.int_os_to_ext_os_supine,,int,integer,0,5/5,,,,,,,,
non_fetal_gyn,cervix.cervix.length,,int,integer,0,5/5,,,,,,,,
non_fetal_gyn,cervix.cervix.normal,,str,coded_text,Normal|Unspecified,5/5,,,,,,,,
non_fetal_gyn,cervix.cervix.response_to_standing,,str,coded_text,Unspecified,5/5,,,,,,,,
non_fetal_gyn,cervix.cervix.response_to_tfp,,str,coded_text,Unspecified,5/5,,,,,,,,
non_fetal_gyn,cervix.cervix.response_to_tfp_debris,,str,coded_text,Unspecified,5/5,,,,,,,,
non_fetal_gyn,cervix.cervix.response_to_valsalva,,str,coded_text,Unspecified,5/5,,,,,,,,
non_fetal_gyn,cervix.cervix.surg_abs,,int,integer,0,5/5,,,,,,,,
non_fetal_gyn,cervix.cervix_anomalies,,null,empty,,5/5,,,,,,,,
non_fetal_gyn,endomyocds.endo_contents,,null,empty,,5/5,,,,,,,,
non_fetal_gyn,endomyocds.gyn_anomalies,,null,empty,,5/5,,,,,,,,
non_fetal_gyn,endomyocds.gyn_data.cds_fld_amt,,int,integer,0,5/5,,,,,,,,
non_fetal_gyn,endomyocds.gyn_data.cds_fld_descr,,int,integer,0,5/5,,,,,,,,
non_fetal_gyn,endomyocds.gyn_data.cds_fld_other_txt,,str,empty,,5/5,,,,,,,,
non_fetal_gyn,endomyocds.gyn_data.cds_fld_seen,,int,integer,0,5/5,,,,,,,,
non_fetal_gyn,endomyocds.gyn_data.cds_fld_size_a,,int,integer,0,5/5,,,,,,,,
non_fetal_gyn,endomyocds.gyn_data.cds_fld_size_b,,int,integer,0,5/5,,,,,,,,
non_fetal_gyn,endomyocds.gyn_data.cds_fld_size_c,,int,integer,0,5/5,,,,,,,,
non_fetal_gyn,endomyocds.gyn_data.cds_fld_volume,,int,integer,0,5/5,,,,,,,,
non_fetal_gyn,endomyocds.gyn_data.done,,int,integer,0,5/5,,,,,,,,
non_fetal_gyn,endomyocds.gyn_data.endo_colr_dop,,int,integer,0,5/5,,,,,,,,
non_fetal_gyn,endomyocds.gyn_data.endo_cont_fld_pres,,int,integer,0,5/5,,,,,,,,
non_fetal_gyn,endomyocds.gyn_data.endo_cont_fld_type,,int,integer,0,5/5,,,,,,,,
non_fetal_gyn,endomyocds.gyn_data.endo_cont_other_txt,,str,empty,,5/5,,,,,,,,
non_fetal_gyn,endomyocds.gyn_data.endo_dop_ri,,int,integer,0,5/5,,,,,,,,
non_fetal_gyn,endomyocds.gyn_data.endo_dop_ri_value,,int,integer,0,5/5,,,,,,,,
non_fetal_gyn,endomyocds.gyn_data.endo_lining,,int,integer,0,5/5,,,,,,,,
non_fetal_gyn,endomyocds.gyn_data.endo_shape,,int,integer,0,5/5,,,,,,,,
non_fetal_gyn,endomyocds.gyn_data.endo_thickness_cm,,int,integer,0,5/5,,,,,,,,
non_fetal_gyn,endomyocds.gyn_data.endo_thickness_layers,,int,integer,0,5/5,,,,,,,,
non_fetal_gyn,endomyocds.gyn_data.gen_comment,,str,empty,,5/5,,,,,,,,
non_fetal_gyn,endomyocds.gyn_data.myo_homo_hetro,,int,integer,0,5/5,,,,,,,,
non_fetal_gyn,gyn_procedure.gyn_procedure.done,,int,integer,0,5/5,,,,,,,,
non_fetal_gyn,gyn_procedure.gyn_procedure.hysteroscopy_amt,,int,integer,0,5/5,,,,,,,,
non_fetal_gyn,gyn_procedure.gyn_procedure.hysteroscopy_done,,int,integer,0,5/5,,,,,,,,
non_fetal_gyn,gyn_procedure.gyn_procedure.hysteroscopy_fld_type,,str,empty,,5/5,,,,,,,,
non_fetal_gyn,gyn_procedure.gyn_procedure.sonohystgrpy_amt,,int,integer,0,5/5,,,,,,,,
non_fetal_gyn,gyn_procedure.gyn_procedure.sonohystgrpy_cath_type,,str,coded_text,Unspecified,5/5,,,,,,,,
non_fetal_gyn,gyn_procedure.gyn_procedure.sonohystgrpy_cath_type_txt,,str,empty,,5/5,,,,,,,,
non_fetal_gyn,gyn_procedure.gyn_procedure.sonohystgrpy_done,,int,integer,0,5/5,,,,,,,,
non_fetal_gyn,gyn_procedure.gyn_procedure.sonohystgrpy_fld_type,,str,coded_text,Unspecified,5/5,,,,,,,,
non_fetal_gyn,gyn_procedure.gyn_procedure.sonohystgrpy_fld_type_txt,,str,empty,,5/5,,,,,,,,
non_fetal_gyn,gyn_procedure.gyn_procedure.sonohystgrpy_nrml,,int,integer,0,5/5,,,,,,,,
non_fetal_gyn,gyn_procedure.gyn_procedure.sonohystsalgrpy_l_tube_fld_oth,,str,empty,,5/5,,,,,,,,
non_fetal_gyn,gyn_procedure.gyn_procedure.sonohystsalgrpy_lft_tube,,str,coded_text,Unspecified,5/5,,,,,,,,
non_fetal_gyn,gyn_procedure.gyn_procedure.sonohystsalgrpy_lft_tube_blk,,str,coded_text,Unspecified,5/5,,,,,,,,
non_fetal_gyn,gyn_procedure.gyn_procedure.sonohystsalgrpy_lft_tube_fld,,int,integer,0,5/5,,,,,,,,
non_fetal_gyn,gyn_procedure.gyn_procedure.sonohystsalgrpy_r_tube_fld_oth,,str,empty,,5/5,,,,,,,,
non_fetal_gyn,gyn_procedure.gyn_procedure.sonohystsalgrpy_rht_tube,,str,coded_text,Unspecified,5/5,,,,,,,,
non_fetal_gyn,gyn_procedure.gyn_procedure.sonohystsalgrpy_rht_tube_blk,,str,coded_text,Unspecified,5/5,,,,,,,,
non_fetal_gyn,gyn_procedure.gyn_procedure.sonohystsalgrpy_rht_tube_fld,,int,integer,0,5/5,,,,,,,,
non_fetal_gyn,gyn_procedure.hormone_replacement_therapy,,null,empty,,5/5,,,,,,,,
non_fetal_gyn,uterine_artery.left.a_over_i,,int,integer,0,5/5,,,,,,,,
non_fetal_gyn,uterine_artery.left.a_over_i_pc,,int,integer,0,5/5,,,,,,,,
non_fetal_gyn,uterine_artery.left.aedv,,str,coded_text,Unspecified,5/5,,,,,,,,
non_fetal_gyn,uterine_artery.left.at,,int,integer,0,5/5,,,,,,,,
non_fetal_gyn,uterine_artery.left.at_pc,,int,integer,0,5/5,,,,,,,,
non_fetal_gyn,uterine_artery.left.dominant,,str,coded_text,Unspecified,5/5,,,,,,,,
non_fetal_gyn,uterine_artery.left.done,,int,integer,0,5/5,,,,,,,,
non_fetal_gyn,uterine_artery.left.notch,,str,coded_text,Unspecified,5/5,,,,,,,,
non_fetal_gyn,uterine_artery.left.notch_depth,,int,integer,0,5/5,,,,,,,,
non_fetal_gyn,uterine_artery.left.pi,,int,integer,0,5/5,,,,,,,,
non_fetal_gyn,uterine_artery.left.pi_pc,,int,integer,0,5/5,,,,,,,,
non_fetal_gyn,uterine_artery.left.psv,,int,integer,0,5/5,,,,,,,,
non_fetal_gyn,uterine_artery.left.psv_pc,,int,integer,0,5/5,,,,,,,,
non_fetal_gyn,uterine_artery.left.rev_flow,,str,coded_text,Unspecified,5/5,,,,,,,,
non_fetal_gyn,uterine_artery.left.ri,,int,integer,0,5/5,,,,,,,,
non_fetal_gyn,uterine_artery.left.ri_pc,,int,integer,0,5/5,,,,,,,,
non_fetal_gyn,uterine_artery.left.sd,,int,integer,0,5/5,,,,,,,,
non_fetal_gyn,uterine_artery.left.sd_pc,,int,integer,0,5/5,,,,,,,,
non_fetal_gyn,uterine_artery.postpartum_left.a_over_i,,int,integer,0,5/5,,,,,,,,
non_fetal_gyn,uterine_artery.postpartum_left.a_over_i_pc,,int,integer,0,5/5,,,,,,,,
non_fetal_gyn,uterine_artery.postpartum_left.aedv,,str,coded_text,Unspecified,5/5,,,,,,,,
non_fetal_gyn,uterine_artery.postpartum_left.at,,int,integer,0,5/5,,,,,,,,
non_fetal_gyn,uterine_artery.postpartum_left.at_pc,,int,integer,0,5/5,,,,,,,,
non_fetal_gyn,uterine_artery.postpartum_left.dominant,,str,coded_text,Unspecified,5/5,,,,,,,,
non_fetal_gyn,uterine_artery.postpartum_left.done,,int,integer,0,5/5,,,,,,,,
non_fetal_gyn,uterine_artery.postpartum_left.notch,,str,coded_text,Unspecified,5/5,,,,,,,,
non_fetal_gyn,uterine_artery.postpartum_left.notch_depth,,int,integer,0,5/5,,,,,,,,
non_fetal_gyn,uterine_artery.postpartum_left.pi,,int,integer,0,5/5,,,,,,,,
non_fetal_gyn,uterine_artery.postpartum_left.pi_pc,,int,integer,0,5/5,,,,,,,,
non_fetal_gyn,uterine_artery.postpartum_left.psv,,int,integer,0,5/5,,,,,,,,
non_fetal_gyn,uterine_artery.postpartum_left.psv_pc,,int,integer,0,5/5,,,,,,,,
non_fetal_gyn,uterine_artery.postpartum_left.rev_flow,,str,coded_text,Unspecified,5/5,,,,,,,,
non_fetal_gyn,uterine_artery.postpartum_left.ri,,int,integer,0,5/5,,,,,,,,
non_fetal_gyn,uterine_artery.postpartum_left.ri_pc,,int,integer,0,5/5,,,,,,,,
non_fetal_gyn,uterine_artery.postpartum_left.sd,,int,integer,0,5/5,,,,,,,,
non_fetal_gyn,uterine_artery.postpartum_left.sd_pc,,int,integer,0,5/5,,,,,,,,
non_fetal_gyn,uterine_artery.postpartum_right.a_over_i,,int,integer,0,5/5,,,,,,,,
non_fetal_gyn,uterine_artery.postpartum_right.a_over_i_pc,,int,integer,0,5/5,,,,,,,,
non_fetal_gyn,uterine_artery.postpartum_right.aedv,,str,coded_text,Unspecified,5/5,,,,,,,,
non_fetal_gyn,uterine_artery.postpartum_right.at,,int,integer,0,5/5,,,,,,,,
non_fetal_gyn,uterine_artery.postpartum_right.at_pc,,int,integer,0,5/5,,,,,,,,
non_fetal_gyn,uterine_artery.postpartum_right.dominant,,str,coded_text,Unspecified,5/5,,,,,,,,
non_fetal_gyn,uterine_artery.postpartum_right.done,,int,integer,0,5/5,,,,,,,,
non_fetal_gyn,uterine_artery.postpartum_right.notch,,str,coded_text,Unspecified,5/5,,,,,,,,
non_fetal_gyn,uterine_artery.postpartum_right.notch_depth,,int,integer,0,5/5,,,,,,,,
non_fetal_gyn,uterine_artery.postpartum_right.pi,,int,integer,0,5/5,,,,,,,,
non_fetal_gyn,uterine_artery.postpartum_right.pi_pc,,int,integer,0,5/5,,,,,,,,
non_fetal_gyn,uterine_artery.postpartum_right.psv,,int,integer,0,5/5,,,,,,,,
non_fetal_gyn,uterine_artery.postpartum_right.psv_pc,,int,integer,0,5/5,,,,,,,,
non_fetal_gyn,uterine_artery.postpartum_right.rev_flow,,str,coded_text,Unspecified,5/5,,,,,,,,
non_fetal_gyn,uterine_artery.postpartum_right.ri,,int,integer,0,5/5,,,,,,,,
non_fetal_gyn,uterine_artery.postpartum_right.ri_pc,,int,integer,0,5/5,,,,,,,,
non_fetal_gyn,uterine_artery.postpartum_right.sd,,int,integer,0,5/5,,,,,,,,
non_fetal_gyn,uterine_artery.postpartum_right.sd_pc,,int,integer,0,5/5,,,,,,,,
non_fetal_gyn,uterine_artery.right.a_over_i,,int,integer,0,5/5,,,,,,,,
non_fetal_gyn,uterine_artery.right.a_over_i_pc,,int,integer,0,5/5,,,,,,,,
non_fetal_gyn,uterine_artery.right.aedv,,str,coded_text,Unspecified,5/5,,,,,,,,
non_fetal_gyn,uterine_artery.right.at,,int,integer,0,5/5,,,,,,,,
non_fetal_gyn,uterine_artery.right.at_pc,,int,integer,0,5/5,,,,,,,,
non_fetal_gyn,uterine_artery.right.dominant,,str,coded_text,Unspecified,5/5,,,,,,,,
non_fetal_gyn,uterine_artery.right.done,,int,integer,0,5/5,,,,,,,,
non_fetal_gyn,uterine_artery.right.notch,,str,coded_text,Unspecified,5/5,,,,,,,,
non_fetal_gyn,uterine_artery.right.notch_depth,,int,integer,0,5/5,,,,,,,,
non_fetal_gyn,uterine_artery.right.pi,,int,integer,0,5/5,,,,,,,,
non_fetal_gyn,uterine_artery.right.pi_pc,,int,integer,0,5/5,,,,,,,,
non_fetal_gyn,uterine_artery.right.psv,,int,integer,0,5/5,,,,,,,,
non_fetal_gyn,uterine_artery.right.psv_pc,,int,integer,0,5/5,,,,,,,,
non_fetal_gyn,uterine_artery.right.rev_flow,,str,coded_text,Unspecified,5/5,,,,,,,,
non_fetal_gyn,uterine_artery.right.ri,,int,integer,0,5/5,,,,,,,,
non_fetal_gyn,uterine_artery.right.ri_pc,,int,integer,0,5/5,,,,,,,,
non_fetal_gyn,uterine_artery.right.sd,,int,integer,0,5/5,,,,,,,,
non_fetal_gyn,uterine_artery.right.sd_pc,,int,integer,0,5/5,,,,,,,,
non_fetal_gyn,uterine_artery.subplacental.a_over_i,,int,integer,0,5/5,,,,,,,,
non_fetal_gyn,uterine_artery.subplacental.a_over_i_pc,,int,integer,0,5/5,,,,,,,,
non_fetal_gyn,uterine_artery.subplacental.aedv,,str,coded_text,Unspecified,5/5,,,,,,,,
non_fetal_gyn,uterine_artery.subplacental.at,,int,integer,0,5/5,,,,,,,,
non_fetal_gyn,uterine_artery.subplacental.at_pc,,int,integer,0,5/5,,,,,,,,
non_fetal_gyn,uterine_artery.subplacental.dominant,,str,coded_text,Unspecified,5/5,,,,,,,,
non_fetal_gyn,uterine_artery.subplacental.done,,int,integer,0,5/5,,,,,,,,
non_fetal_gyn,uterine_artery.subplacental.notch,,str,coded_text,Unspecified,5/5,,,,,,,,
non_fetal_gyn,uterine_artery.subplacental.notch_depth,,int,integer,0,5/5,,,,,,,,
non_fetal_gyn,uterine_artery.subplacental.pi,,int,integer,0,5/5,,,,,,,,
non_fetal_gyn,uterine_artery.subplacental.pi_pc,,int,integer,0,5/5,,,,,,,,
non_fetal_gyn,uterine_artery.subplacental.psv,,int,integer,0,5/5,,,,,,,,
non_fetal_gyn,uterine_artery.subplacental.psv_pc,,int,integer,0,5/5,,,,,,,,
non_fetal_gyn,uterine_artery.subplacental.rev_flow,,str,coded_text,Unspecified,5/5,,,,,,,,
non_fetal_gyn,uterine_artery.subplacental.ri,,int,integer,0,5/5,,,,,,,,
non_fetal_gyn,uterine_artery.subplacental.ri_pc,,int,integer,0,5/5,,,,,,,,
non_fetal_gyn,uterine_artery.subplacental.sd,,int,integer,0,5/5,,,,,,,,
non_fetal_gyn,uterine_artery.subplacental.sd_pc,,int,integer,0,5/5,,,,,,,,
non_fetal_gyn,uterus.bladder.contours,,str,coded_text,Unspecified,5/5,,,,,,,,
non_fetal_gyn,uterus.bladder.description,,str,coded_text,Unspecified,5/5,,,,,,,,
non_fetal_gyn,uterus.bladder.done,,int,integer,0,5/5,,,,,,,,
non_fetal_gyn,uterus.uterus.anteflexed,,int,integer,0,5/5,,,,,,,,
non_fetal_gyn,uterus.uterus.anteverted,,int,integer,0,5/5,,,,,,,,
non_fetal_gyn,uterus.uterus.dextroverted,,int,integer,0,5/5,,,,,,,,
non_fetal_gyn,uterus.uterus.done,,int,integer,1|0,5/5,,,,,,,,
non_fetal_gyn,uterus.uterus.levoverted,,int,integer,0,5/5,,,,,,,,
non_fetal_gyn,uterus.uterus.midplane,,int,integer,0,5/5,,,,,,,,
non_fetal_gyn,uterus.uterus.qual_size,,str,coded_text,Unspecified,5/5,,,,,,,,
non_fetal_gyn,uterus.uterus.retroflexed,,int,integer,0,5/5,,,,,,,,
non_fetal_gyn,uterus.uterus.retroverted,,int,integer,0,5/5,,,,,,,,
non_fetal_gyn,uterus.uterus.seen,,str,coded_text,Visualized|Unspecified,5/5,,,,,,,,
non_fetal_gyn,uterus.uterus.shape,,str,coded_text,Unspecified,5/5,,,,,,,,
non_fetal_gyn,uterus.uterus.size_a,,int,integer,0,5/5,,,,,,,,
non_fetal_gyn,uterus.uterus.size_b,,int,integer,0,5/5,,,,,,,,
non_fetal_gyn,uterus.uterus.size_c,,int,integer,0,5/5,,,,,,,,
non_fetal_gyn,uterus.uterus.surgically_absent,,int,integer,0,5/5,,,,,,,,
non_fetal_gyn,uterus.uterus_anomalies,,null,empty,,5/5,,,,,,,,
non_fetal_gyn,,,,,,,OBX Cervix.Appearance,Cervix,Cervix appearance,str (ST),coded_text,Visualized,2/7,
non_fetal_gyn,,,,,,,OBX Cervix.ApproachCervicalBiometry,Approach,Cervical biometry sonographic approach,str (ST),coded_text,Transvaginal with valsalva,2/7,
non_fetal_gyn,,,,,,,OBX Cervix.OtherFindings,Cervix details,Cervix details,str (ST),coded_text,normal,2/7,
